Ωl0,Ωl1,phase1,ω0,ω1,φ1,ton0,toff0,ton1,toff1
5.888513565063477,6.04882287979126,0.32092635456797874,2.1372745037078857,4.890803337097168,5.442400550353919,17.689390182495117,8.94529938697815,18.723089694976807,7.620346546173096
0.8930894881486893,1.0311641618609428,5.045173538243005,7.247692085802555,2.315041057765484,0.6707428074273706,25.903923586010933,20.813142769038677,23.779195062816143,37.62947656214237
2.8391022756695747,5.586635425686836,2.8631830052361433,1.940068669617176,0.8680251985788345,1.7408601204859524,5.074301175773144,35.08598629385233,39.287916496396065,25.462112240493298
7.8168226182460785,2.6158492192626,4.4228885053450195,4.92536187171936,6.4164401441812515,3.142314053604714,38.207428604364395,14.457614421844482,3.2113245502114296,15.451699830591679
6.612544655799866,4.687599830329418,6.210049245729065,5.806052975356579,7.7054044380784035,5.931169983116954,0.39686769247055054,30.845869481563568,32.6444036886096,32.22148932516575
3.6058900132775307,3.7324750870466232,1.5118677395198457,0.8206434100866318,1.0008596554398537,1.356234871963359,33.50863303989172,18.96630559116602,9.85392302274704,2.2111496329307556
1.661948248744011,7.165353678166866,3.2580189772249253,6.116535618901253,3.5572542548179626,2.6257704481644755,13.089471980929375,4.508525542914867,14.422715045511723,14.379584528505802
4.682149015367031,0.13210155069828033,1.672247811353588,3.006249688565731,5.226638972759247,4.223200901429075,21.130054630339146,25.12786604464054,28.077431991696358,24.38876550644636
4.308628253638744,5.4456097185611725,3.6326628995395036,0.14299583435058594,2.5472651347517967,3.620749239950619,3.0703186616301537,34.91255156695843,31.127764768898487,18.631525114178658
1.284521296620369,2.4749534502625465,2.0768661292849155,5.222041316330433,4.22150643914938,2.096913900126469,31.147980093955994,15.543830953538418,6.374224349856377,28.621166348457336
3.47937823086977,6.907248377799988,5.834637958513516,3.965200163424015,6.71149854362011,0.2168992974006358,10.455076433718204,1.0569064691662788,11.80969413369894,35.789696611464024
6.489939302206039,1.8897185400128365,1.1080167864894894,6.919365435838699,0.009917303919792175,5.061755094394233,23.451637849211693,29.184629768133163,25.689232498407364,5.798858515918255
7.19031298160553,7.806310273706913,2.4563135255577504,7.788672469556332,1.8614387586712837,4.702021034186686,15.015942230820656,5.492316633462906,15.00535361468792,21.532881259918213
2.2164990678429604,0.7731885612010956,4.038223898474421,2.8346349745988846,7.4068977907299995,2.9814391877665294,28.264578767120838,24.871308393776417,22.49326903373003,11.542030051350594
0.019570395350456238,4.328984089195728,0.7285632108506874,4.103184446692467,5.901276916265488,0.9020063218981611,7.708698958158493,39.153765104711056,36.97906270623207,4.374570362269878
5.011088453233242,3.3739888072013855,5.429070780212632,1.024026446044445,3.3206654489040375,5.55090956719573,35.88584791868925,11.03408120572567,0.5213993415236473,34.36417702585459
5.313603535294533,4.057443827390671,2.279763153103224,6.2814706787467,6.10515958070755,2.78745702287645,27.388177290558815,38.43151465058327,6.246875002980232,0.8193669468164444
0.34223102778196335,3.0202840343117714,3.840965557804185,3.329141929745674,0.6807637810707092,4.50303994948296,19.33012742549181,11.56100232154131,31.254188753664494,30.81023246049881
2.3982329666614532,7.581645429134369,0.9167205391929444,5.607457026839256,2.128279246389866,5.7617893487622265,39.691911190748215,6.917215250432491,26.772678196430206,23.60245142132044
7.383403368294239,0.6226082518696785,5.639470057558484,0.5304965302348137,4.580014981329441,1.0841374459448205,6.71480905264616,22.547950968146324,10.725342147052288,13.612859062850475
3.555977517510901,3.6236190461546247,3.314596584076405,0.0,3.6672785588241834,3.721352093605799,19.134745760789016,31.164234632383966,28.573242830257136,11.635724013545637
4.028187710715906,6.009970461832322,1.3965987829337052,0.0,0.0,4.11722161340687,22.188844571617246,34.402860238164386,32.25109463697504,13.816043390083548
3.559564633289493,2.7532621958933774,4.563004343286978,0.0,5.246337528777232,2.5285082267216237,0.0,28.54915422565099,20.915263313708593,10.905061844985342
6.47346400596918,6.7164980694075425,3.4314028874454676,0.0,2.464634664996301,4.906882124804815,0.5348291415288324,39.54406848839461,31.661292405663126,16.310509541281643
2.1175961413960875,4.128790857866704,4.997426410999085,0.0,2.531375885596951,3.231032759413741,0.0,40.0,32.143967787275194,19.767398469680046
5.998710698626235,5.807194906141388,1.5969407633226194,0.0,2.539029157050541,2.854738731600212,1.9584835882315073,23.96206728733595,30.665934478881557,21.53818147700575
5.103613834592633,6.58120538083626,3.6982108680152463,0.0,2.139801610108733,4.835001892587109,3.287176371743803,39.78521892262147,31.96680729757667,16.675745321029012
3.5505385844087964,4.23189432690498,3.753865052756267,0.0,3.397635818391367,3.029012201781306,3.2063740861025676,28.28598458126384,29.11904549729806,22.061926047096968
3.9460700607792263,5.669882802998516,3.592020424144202,0.5991289434253968,1.290402148808006,2.1734594571058365,2.994373490318205,40.0,34.539362843991405,14.349390254138951
3.99527869535004,5.336551441095486,3.784204063214071,0.3150302679176943,3.0653851955215043,3.906595122477458,2.2024922128102657,32.91507569003993,30.17164971060779,20.11962351959541
7.8144198342345526,5.35057826146897,4.106177912242643,0.0,2.041021979403483,3.8447947083894563,0.0,40.0,37.228043409694166,27.969864407121285
1.2738066336974287,5.418449497082368,3.7212394120747714,2.1208365631067716,3.402005983153374,3.9629587544640446,14.100119152514063,37.05107528301285,28.635740163849288,8.517948353466178
2.6742889872276527,2.114779958504776,2.633853677705187,1.168739834336849,5.075388977795042,2.5883770620691187,33.140986992442365,16.07868421218075,19.352062921763387,2.9870682108594466
2.445270545258395,0.0,4.222523700194726,0.0,4.368166133822268,0.5810105879621601,30.65335517036351,29.996103678671933,16.33447118993766,2.7384755674245564
2.748411562725186,2.7171107377813706,3.149809563136084,3.992753406234595,8.0,5.497274381538656,31.55987527684132,15.417342213047442,23.852908838465755,7.0912959517525245
2.4152699178286356,4.08617168751413,2.332574060299302,2.832975201028604,8.0,5.954945470712941,35.29178494725408,10.216731620238544,25.705678806903638,0.0
4.65083886750542,2.2292092200721787,3.9793300572779993,8.0,8.0,6.283185307179586,32.882605521428474,3.961213057961988,24.877716197093136,0.0
0.0,4.522446498488896,2.4777757228747204,1.8599889477063105,8.0,6.283185307179586,33.91559209121556,33.357807990379754,24.324285750533775,10.45493665610101
3.9969957339957385,1.9939552208037847,3.6488336012687004,6.981269721058197,8.0,6.283185307179586,37.14866278889112,5.261727921415806,27.96244122646143,0.0
6.8669449611044096,2.060463162105939,1.0984858130989794,8.0,8.0,6.283185307179586,31.046587919242686,0.0,25.4359967176335,0.0
1.0471283483878782,2.0542099356023673,6.283185307179586,8.0,8.0,6.283185307179586,32.55746430187742,0.0,25.482746469155867,0.0
0.7201527798594245,1.8466895522616622,3.5792650840664137,8.0,8.0,6.283185307179586,40.0,0.0,30.799327179652924,0.0
8.0,1.8884787208760117,3.7369397589115323,6.848750303480044,8.0,6.283185307179586,40.0,0.0,30.724267947972518,0.0
4.377356777481429,1.8780064509432577,3.6338087690237226,8.0,8.0,6.283185307179586,40.0,25.81074246859484,29.151686440929296,0.0
4.166823725235994,1.8661828654841854,6.283185307179586,8.0,8.0,6.283185307179586,40.0,0.0,40.0,0.0
4.0730655715579624,1.7593024513779345,3.1589496414258553,8.0,8.0,6.283185307179586,40.0,0.0,7.344843342170353,0.0
4.103955369475559,1.8916062317389226,0.0,8.0,8.0,6.283185307179586,40.0,0.0,40.0,0.0
4.291477690788009,1.690998983646682,4.100059421174043,0.25814303222702134,8.0,6.283185307179586,40.0,0.0,40.0,0.0
4.133076254310175,1.7931144332279505,6.283185307179586,8.0,8.0,0.12174421841762717,40.0,0.0,40.0,0.0
4.202115863986718,1.8120528883401417,6.283185307179586,8.0,8.0,6.283185307179586,40.0,0.0,40.0,23.773657922879835
3.9604485059453176,1.7517934325367648,0.0,8.0,8.0,6.283185307179586,40.0,40.0,40.0,14.33543847880814
4.050072611965874,1.7643358964002793,0.0,8.0,8.0,0.0,40.0,30.069943722188786,0.0,23.091187631962143
4.0516257313626935,1.620265082225179,6.283185307179586,8.0,8.0,6.283185307179586,16.00180812457567,0.0,40.0,0.0
4.080884458846763,1.1139520289953018,6.283185307179586,8.0,8.0,5.357982695269165,40.0,0.0,32.52668582194514,0.0
3.9778890417637407,1.5613392150587608,6.283185307179586,8.0,8.0,4.217951645904816,40.0,24.09186961655234,40.0,0.0
3.9768644589545556,1.2417407133835712,0.0,8.0,8.0,6.283185307179586,40.0,0.0,31.0687258635242,5.3797474611198695
8.0,8.0,0.0,8.0,8.0,0.0,40.0,40.0,40.0,0.0
4.009591431384445,2.272789376076625,6.283185307179586,8.0,8.0,4.231068361395392,40.0,0.0,40.0,0.0
4.011474271320935,2.2754544160648584,6.283185307179586,8.0,8.0,6.283185307179586,40.0,40.0,40.0,0.0
0.0,8.0,6.283185307179586,0.0,8.0,6.283185307179586,40.0,0.0,40.0,0.0
0.08685879991649047,7.954284430024516,6.2358516452366,0.5643275536742353,7.859434377000087,6.015154768202558,33.698642276018006,15.945484191150502,35.642923165349686,5.0505422364045796
3.9918003256074353,2.24320519190438,0.0,8.0,8.0,4.241116313212611,40.0,0.0,40.0,0.0
3.906454999748571,2.2151962029432086,6.283185307179586,8.0,8.0,5.005099780281928,40.0,0.0,40.0,21.611130386962877
4.043712696876643,2.3573764213810424,0.0,8.0,8.0,6.283185307179586,40.0,0.0,40.0,12.973059475316083
4.024780944732754,2.191209308088236,0.0,8.0,8.0,3.5660546530392554,40.0,40.0,40.0,0.0
4.411811292077858,2.2254787398226505,6.283185307179586,8.0,8.0,3.0336003891924688,40.0,40.0,40.0,0.0
4.321086901460182,2.247060566322737,0.0,8.0,8.0,2.418399874357556,40.0,0.0,40.0,40.0
3.451681029166546,2.152465232179268,6.283185307179586,8.0,8.0,3.408505461606975,40.0,40.0,40.0,0.0
3.9538470613441365,2.0676377582979852,6.283185307179586,8.0,8.0,3.6857263470835058,31.95713391140085,40.0,40.0,40.0
4.030820814418498,2.7130605749631718,6.283185307179586,8.0,8.0,0.0,40.0,0.0,40.0,0.0
3.876031521155304,2.1481216411407913,6.283185307179586,8.0,8.0,3.330070277230726,40.0,40.0,40.0,40.0
3.712731230855482,1.303944890293944,6.283185307179586,8.0,8.0,6.283185307179586,0.0,40.0,0.0,40.0
4.146538170415413,2.0202518202860347,3.1851812617678177,7.34490548809402,8.0,6.266029020865725,40.0,0.0,24.103102422705945,0.0
4.160435218858682,1.807410552606097,6.283185307179586,8.0,8.0,2.180398493194692,12.03669308633377,40.0,40.0,40.0
3.826115114376531,2.0162550891074837,0.0,8.0,8.0,2.846497647791565,26.29669458704424,40.0,40.0,0.0
5.583890856103751,1.2717770590463446,6.113199760866526,5.618733267060019,5.9939569681457705,5.793119547875852,8.008265479725639,22.177566663675044,28.253116457187755,34.99335163946339
0.0,4.862453136240618,0.0,8.0,0.0,0.0,40.0,0.0,0.0,0.0
3.2141446909517515,1.932814722440422,0.0,8.0,8.0,1.075090258028014,27.60874045464501,40.0,40.0,38.2275367417948
2.9455541156074045,1.6543905502685277,6.283185307179586,8.0,8.0,0.0,0.0,40.0,40.0,0.0
3.9266386513625293,2.135735151462378,6.283185307179586,8.0,8.0,2.9220566703771085,28.587580266748756,40.0,40.0,18.511784256816245
4.039458961561775,1.9676741532930537,0.0,8.0,8.0,3.12397577568623,29.635749345157873,0.0,40.0,30.695682438920024
4.793951000883497,1.9423341154784564,6.283185307179586,8.0,8.0,0.9780855017969865,31.24646109696746,40.0,40.0,40.0
4.552394036196507,2.028609918212353,0.0,8.0,8.0,1.8667035119458764,31.071149039049914,40.0,40.0,40.0
4.065772633839393,2.440833976390491,6.283185307179586,8.0,0.0,0.0,40.0,0.0,40.0,40.0
5.70965424553213,2.994235861795149,0.0,8.0,0.0,0.0,40.0,40.0,40.0,0.0
6.326048076343043,2.259782052981322,0.0,8.0,4.674261445500873,0.0,40.0,0.0,40.0,0.0
3.742762857592088,2.008562402536014,6.283185307179586,0.0,8.0,1.5382357680634908,30.30054300098736,40.0,40.0,40.0
2.7184888004521275,2.151164324045759,1.6556324914042153,8.0,5.942561162573496,2.866782318121045,27.589708232298342,21.906207648910758,20.908984760817916,3.6007455361748186
3.7042683193396364,2.1281242583756645,0.0,8.0,8.0,4.3128686704107855,26.583935036936232,40.0,40.0,40.0
3.704112698269644,2.1074557225660886,6.283185307179586,8.0,8.0,3.480839814061099,31.059371651183262,0.0,40.0,20.869268728593163
3.8011133747594017,2.0803703733040733,0.0,8.0,8.0,3.4918286553273794,32.89223941838305,40.0,40.0,18.70509532305544
3.884835958012987,2.2799817295715954,0.0,8.0,8.0,4.644315972595902,26.86218825722737,40.0,40.0,0.0
3.541892087815751,2.0855047150837915,6.283185307179586,8.0,7.603606629256231,2.118917713308339,38.75865702477008,40.0,40.0,8.31562067226541
3.633320782040034,2.180078173671022,0.0,5.824002364857483,7.563375701776785,6.283185307179586,40.0,40.0,1.7553359219680207,0.0
4.529738432720073,1.9196551611722326,6.283185307179586,8.0,7.569834637880044,3.696527352282044,11.868073444621475,40.0,40.0,40.0
2.0618389317891688,1.71776341704387,6.283185307179586,8.0,6.4547317978251435,0.37665109135771835,35.359024908308896,40.0,40.0,40.0
2.3570614558683833,1.8936272658224775,0.0,6.76307363421863,6.446185464989812,5.795461003169806,40.0,40.0,35.60157377777053,0.0
1.2266997651143534,1.5489028360866395,6.283185307179586,8.0,6.141608701000951,0.21161325892735267,37.209013609519474,40.0,12.974487929749587,40.0
5.702889827361096,2.0560686604839744,6.283185307179586,8.0,8.0,3.840190309220947,2.08448555833826,0.0,40.0,40.0
2.171832134988015,1.9320681334900707,6.283185307179586,8.0,6.704896164599877,4.4260276726047385,25.814100646662133,40.0,40.0,40.0
1.810529540776896,2.44170822023727,0.0,8.0,6.03204818593166,3.7707399784599738,40.0,40.0,40.0,0.0
3.177421724112782,1.3710220482939148,0.0,8.0,6.425239314880498,4.269985032246857,40.0,40.0,31.5402406897569,0.0
2.7197085347630665,1.6169842218370074,0.0,2.0232623656254805,6.445993078053208,4.8358438315824,38.59349670712724,40.0,27.674975035086785,0.0
3.6070995968701123,1.7620044765417273,0.0,5.7611527117446375,6.995867470582023,6.283185307179586,40.0,40.0,40.0,0.0
4.452326904861262,1.9185063135442824,6.283185307179586,5.7067049394417335,7.985383138827937,3.843530732331641,13.977263991846664,0.0,40.0,40.0
2.368935093824514,1.4320433965854729,0.0,8.0,6.685733163521548,6.283185307179586,40.0,40.0,40.0,0.0
3.046842597764161,1.9098721944964037,0.0,8.0,6.754864756566422,6.283185307179586,40.0,40.0,22.370710749303043,0.0
3.455513143455334,2.105759774847863,6.283185307179586,6.256531135575899,8.0,1.9476565795074376,40.0,40.0,40.0,0.0
3.1430440748417476,1.6100936224832862,6.283185307179586,7.263410386090095,6.086748077914898,6.283185307179586,40.0,40.0,15.674212328727243,40.0
3.5596165958727064,5.113467331260331,3.3385433739269113,0.7810453453175954,2.1151782152783665,3.5412993295597825,30.423044156908436,34.595289784459084,30.53228859570476,0.0
6.8884918155621095,2.127877053347982,6.283185307179586,0.0,8.0,6.283185307179586,40.0,0.0,40.0,0.0
6.973891831884501,0.8967211379323667,6.283185307179586,0.0,8.0,6.283185307179586,40.0,0.0,40.0,0.0
5.649102584169871,2.973700042307941,6.283185307179586,0.0,8.0,6.283185307179586,40.0,0.0,40.0,0.0
7.997135967896808,7.865877173620732,2.5527757204066006,3.0830790637415824,7.350668263897758,6.283185307179586,34.53979832945534,40.0,24.242746825953372,0.0
2.42115140562284,1.5610046467037513,6.283185307179586,7.035560206451581,7.3534125561727475,6.283185307179586,40.0,40.0,0.0,0.0
3.544631908868415,1.9965324899081687,6.283185307179586,8.0,5.744445635952152,6.283185307179586,40.0,0.0,0.0,0.0
3.639220983363906,0.8045603003608481,3.129140708171015,8.0,7.99718433481191,6.283185307179586,40.0,40.0,16.165746127997693,10.925409588724513
3.6615528219293356,8.0,3.2298631259490724,8.0,7.957896956232374,6.283185307179586,40.0,40.0,16.432705043715472,40.0
4.138518401375598,8.0,3.2590359795234907,8.0,7.923893460055084,3.9063425351247743,31.057931296477136,40.0,40.0,40.0
4.502940199079668,2.2593684181721394,0.0,5.191177354715897,7.93657304694378,6.283185307179586,40.0,40.0,5.146730534856413,0.0
2.8875798209266166,1.6811611952271353,6.283185307179586,7.605308718840626,6.232728615531411,6.283185307179586,38.59673468277441,40.0,24.182828807765965,40.0
4.593495470056599,2.2053942744874644,0.0,5.277718863906833,7.472394382130686,6.283185307179586,40.0,40.0,16.257727940740025,0.0
3.236239533638168,1.5803493994431628,0.0,6.291783873168595,6.4533807300837465,4.9768387806154974,40.0,40.0,20.81857195511883,19.704191104649325
3.490625809218599,2.3169460070032253,0.0,7.523104838837806,7.825019250681486,6.283185307179586,40.0,40.0,14.2265783611192,0.0
2.9771164453376264,1.1521620452954404,0.0,6.298715864952857,5.881806080101216,2.058879248973477,40.0,40.0,19.524439133185727,0.0
2.5936452776867953,1.9011536040133887,0.0,6.424641114939586,7.3096885186456415,3.8959156784353177,40.0,40.0,36.46464767025941,40.0
3.887213649359059,1.8111018774656846,6.283185307179586,7.797523037613113,7.171922389930045,6.283185307179586,40.0,0.0,13.978921105929501,0.0
3.6227822086483976,1.121928356146803,0.0,7.735470908669394,6.1285890849642355,6.283185307179586,40.0,40.0,18.008263358010325,0.0
3.5573752764882673,1.943941116272844,6.283185307179586,6.562017208874186,7.498841511116152,6.283185307179586,40.0,0.0,13.794959980376955,40.0
3.406440080844905,1.8470979290796692,0.0,6.852248260772575,6.079364461935116,6.283185307179586,40.0,40.0,21.247218123099756,0.0
3.396869614411825,2.0756892540473255,0.0,8.0,8.0,1.8356920311091538,38.44328938758197,40.0,32.67794816507728,40.0
4.741988267844195,2.2030810888054013,6.283185307179586,8.0,8.0,3.680995847142713,0.0,0.0,40.0,0.0
2.9139021131003617,1.7223470123579148,0.0,6.701036101162467,6.737949285923851,2.591778499194584,38.44323660478058,40.0,40.0,0.0
2.5803602701663038,1.6618874745583252,0.0,5.760478539780739,5.922481561648989,6.283185307179586,40.0,40.0,15.563175355151804,0.0
6.077429054436144,1.680877577144071,6.283185307179586,8.0,7.953185632080734,2.4291466697545334,8.978071494401403,10.160433609919327,40.0,40.0
6.833038912847872,2.0116510694557768,6.283185307179586,8.0,7.987344257556144,4.977731485069825,7.027262276362364,16.319526312163372,40.0,40.0
5.619691598489439,1.3773795391240973,6.283185307179586,8.0,7.8530756369747605,0.26502691453883315,7.787245940859469,0.0,40.0,40.0
4.137353659728661,1.7046289737784222,6.283185307179586,8.0,7.550504484265348,0.8651670964449765,17.19572140013761,35.15991785542233,40.0,40.0
4.286050269566543,1.8333195064384975,6.283185307179586,8.0,7.835213736213468,1.7270292418551894,17.598808980691363,5.160893839703276,31.976193767923725,40.0
3.8151285069740504,2.1257241230288595,6.283185307179586,8.0,7.745456254737834,6.283185307179586,30.329016348625274,32.20109556846288,12.873747573893217,0.0
2.5243938477509644,2.0908487475039785,0.0,6.852206531901956,7.296197324617574,3.7894156105564107,34.401220505420795,40.0,40.0,0.0
5.796500989667128,2.446142028484763,6.283185307179586,8.0,7.646481396310691,6.283185307179586,11.467142768018556,40.0,40.0,40.0
2.667727814195776,1.2943668666700934,0.0,5.909704682508572,5.660653100268852,6.283185307179586,31.62410402353388,40.0,13.517749961777907,40.0
2.4798979726391024,1.5235691786712373,0.0,6.154175286972521,5.760335777959376,6.283185307179586,40.0,0.0,18.874051608131406,29.89937431533778
3.074430018637046,1.6965148349420665,6.283185307179586,7.145098999297879,6.968246113752897,6.283185307179586,27.64700868925049,0.0,27.973494153498088,0.0
2.6993536950297763,2.278429605622063,6.283185307179586,5.65856671285638,6.598605431900144,6.283185307179586,34.49151194662784,0.0,13.573646732342617,40.0
2.892957038384893,1.5716446299600226,6.283185307179586,6.557915549160596,6.145277903409753,6.283185307179586,34.614413214508545,0.0,19.218502679810697,0.0
2.0915698010662513,1.527237203309502,0.0,6.165720085968025,6.287602331820812,3.1967035141817814,24.395754745845917,40.0,25.91360099726911,0.0
2.9505506055253408,1.386979923879819,6.283185307179586,5.5091567764780125,5.606066342038655,6.283185307179586,40.0,40.0,13.69902108175491,40.0
2.862646165840116,1.5270256544301577,6.283185307179586,6.653925417771909,7.041681703767922,3.92076203363072,28.20212702627348,40.0,40.0,16.380310621681506
3.704255940355601,1.8914151661116545,6.283185307179586,7.913226976739461,7.199909476980568,6.283185307179586,34.76991712328432,40.0,21.68698165583244,40.0
1.9097701454122362,1.1523121788349218,6.283185307179586,5.1275650937274575,5.400912725181069,6.283185307179586,32.109145691665205,40.0,15.736755799931588,0.0
2.3781681649271857,1.496820008192462,6.283185307179586,5.828444152653062,5.547954435040768,2.8261653798038315,34.994172670025826,40.0,15.462381161615088,40.0
2.594830339759786,2.016564478693111,6.283185307179586,5.913165991158774,6.841450516346414,6.283185307179586,18.78546505306517,40.0,25.604098120175802,40.0
2.2297956794289377,0.9188520605829145,0.0,6.526061643009767,5.2718541334050295,6.283185307179586,40.0,40.0,8.777564197363477,40.0
2.140436113398371,1.700161030260051,6.283185307179586,4.988494879795296,5.837480534341526,6.283185307179586,22.32912990619208,40.0,15.217001753862,40.0
3.312032956432287,2.0585563224396566,6.283185307179586,8.0,7.413023780308401,4.972408475130248,20.888585934211473,40.0,28.013397033826486,40.0
3.0011011951311097,1.6866263357161175,6.283185307179586,6.67593757058435,6.239181581228526,6.283185307179586,15.801751661923035,40.0,31.81085672875767,40.0
2.5463870573372427,1.6601376435507151,6.283185307179586,5.685886959400914,5.7937846325073465,6.283185307179586,21.672257906674638,40.0,24.080137504166427,40.0
2.8144457165633923,1.654394528993995,6.283185307179586,6.803744026853348,6.33051401030548,6.283185307179586,15.636036825275006,40.0,20.458621525241742,40.0
3.5768493681080957,1.8978335104157558,6.283185307179586,8.0,6.695227768868405,6.283185307179586,17.82391328623479,40.0,38.5791170452732,40.0
2.1304733174056163,1.238343152288701,6.283185307179586,5.2507397946283945,5.46649191292822,3.1528465045501943,16.376379240377148,40.0,13.838928353293355,0.0
3.1935604728210936,1.8974825768064374,6.283185307179586,6.757703793769869,6.565379015685828,6.283185307179586,19.53734838772157,40.0,25.15149090754127,0.0
6.3179197254218655,2.088721827581267,6.283185307179586,8.0,8.0,6.283185307179586,0.0,40.0,25.00921194353706,40.0
4.975441152061695,4.666315632921335,5.592022768737213,0.0,1.584963783297724,4.978930149421686,8.404159158903763,40.0,31.401519297214136,17.776253765022293
3.213195302943116,2.4499656781973616,0.0,3.3131112833210343,8.0,6.283185307179586,32.23031121067015,40.0,2.7069935772431437,0.0
1.8898021302479817,1.246702227880977,6.283185307179586,5.30773708075839,6.051827229688019,6.283185307179586,10.308913696328235,40.0,18.725119186661352,40.0
2.5062986640898126,1.642011204997243,6.283185307179586,5.595432948658691,5.981292541882095,1.1466048336321162,14.6417072068997,40.0,21.07140539282475,40.0
2.2758517415287183,1.645948415214558,6.283185307179586,5.751122478508829,5.79610869536361,6.283185307179586,16.32719201192865,40.0,19.781131826137766,0.0
1.5040577880100308,1.3392084086862521,6.283185307179586,5.3659182394780025,5.51748316035588,0.0,17.781412464785348,40.0,17.31530567741843,37.73362165296137
2.8670038850505657,1.7549506131975652,0.0,6.26160996629516,6.95647733284884,5.722284100390204,28.030624008726214,40.0,18.071775175183536,16.964950084502284
3.392165139482709,1.9278356570930868,0.0,7.315121670714313,7.051480056389001,3.4217626276809754,31.2308652028112,40.0,34.90360185654146,25.654715360194437
2.843393266467079,1.1578084487511466,6.283185307179586,4.485099959153416,4.145437706886939,6.283185307179586,17.125266960716587,40.0,12.94595045381232,15.83651868054404
2.5821659182273584,1.3573982663764779,6.283185307179586,4.45298709156233,5.106185426608869,5.221513375825929,15.724013916493577,40.0,14.51657775090808,34.56530478459736
2.75323690612172,1.3378159113610366,6.283185307179586,5.422093911890707,4.885067340119585,4.608582625458357,27.79001929852869,40.0,16.36977713779111,0.0
3.3209918266220813,1.6160652687138082,0.0,7.655016295867655,5.959365402586389,2.9438783769076724,22.71487412822311,40.0,40.0,0.0
3.793242178699486,1.9379851711108336,0.0,8.0,8.0,6.283185307179586,36.25903514080677,40.0,16.100276807504873,0.0
3.483427577407805,1.5119386994224506,0.0,7.87391077364825,4.437549563032819,4.923802562329385,11.573970108394198,40.0,34.30912755384376,40.0
2.257176255089724,1.1752721327847013,0.0,4.090572805355332,3.4073333979864784,6.283185307179586,32.085368095549384,40.0,7.8119874632401745,40.0
3.159079016770797,1.4659479692212778,6.283185307179586,7.544554667927623,5.549471516493074,1.452927329519999,14.571659663231863,40.0,30.986934124739033,40.0
3.1934533789548833,1.8436828221782424,0.0,6.671692686753138,5.350874724849361,2.544074976281946,13.834452901913876,40.0,40.0,40.0
3.171825786703847,1.189235989570427,6.283185307179586,5.677216033113711,3.756707689746926,6.283185307179586,31.475406970558915,40.0,21.80650347178306,40.0
2.6523137868158218,1.1666469948052927,6.283185307179586,6.540883733355976,4.639151864062877,3.378619783921614,17.298694232052192,40.0,20.66137718406237,40.0
3.628091223264124,1.2824792208359963,0.0,8.0,5.818938061821308,5.844580082169992,15.337548221934608,40.0,40.0,40.0
3.602402519852263,1.2936399538512489,6.283185307179586,8.0,4.95926174225844,2.613593124776461,30.382201576339902,40.0,35.53902938797124,40.0
3.0877028376817623,1.157991388624678,6.283185307179586,7.50465544305563,4.811656622460854,2.7138281789160112,26.798411309854746,40.0,37.78320905762966,4.266857365255304
3.3803430811939967,1.4160612103856425,0.0,7.510624634385965,5.412717717250487,4.198953548796203,23.150823584619058,40.0,28.427988773888607,40.0
3.1203620795152602,1.1724570337289193,6.283185307179586,7.958938382008111,4.569427913812131,0.5130217704808583,40.0,40.0,24.109162160524157,40.0
3.378350818712611,1.0477641857399005,0.0,7.371892241885864,4.16504181137268,0.0,24.692714513347475,40.0,28.55568094708554,40.0
3.279178275251874,1.331570922793416,0.0,7.406259207891606,4.740736122409667,1.2552750124079712,40.0,40.0,40.0,40.0
3.0272733495457813,1.105543320980693,6.283185307179586,5.672919056004206,4.989867412287651,3.1838784332040797,11.474962260680945,40.0,31.08816369945291,40.0
5.369277130787949,1.0989921241448404,6.283185307179586,8.0,8.0,6.283185307179586,40.0,0.0,5.2595683862949105,0.0
3.1976656061221678,1.2688294691009308,0.0,6.906895926010653,4.6069921711999475,0.0,29.59136663455457,40.0,31.467408808297574,40.0
2.824942609220496,0.9743525950957774,0.0,5.711997117293003,3.9242856253625265,0.0,26.780079781560776,40.0,15.605876679054928,40.0
2.810316918246208,1.077461391708938,6.283185307179586,5.573542165445398,3.9312905762644745,0.0,14.701283470187018,40.0,20.85049473753118,0.0
3.493123418251476,0.7618118471325666,6.283185307179586,7.500985907427486,4.199443956351071,0.0,40.0,40.0,34.33635158353943,40.0
3.602054561528349,1.1841346017195225,2.614402993925854,8.0,4.1657046147346515,0.0,39.39770763188837,40.0,40.0,0.0
2.9313675285829146,1.1833806599737078,6.283185307179586,6.028789177548646,4.740624413261736,0.0,18.303525518214727,40.0,18.96085132369841,40.0
3.361198120020475,1.1739059822069284,6.283185307179586,8.0,3.3575291650431796,0.4230679239510802,33.40909926897108,40.0,34.72190865901397,40.0
3.1188321471811764,0.92169488496867,6.283185307179586,6.612075170805029,2.429023550525781,1.0853371488022663,21.905632221017246,40.0,14.19936108397334,0.0
2.91946863241522,0.8920298019821926,6.283185307179586,6.292466747816232,4.16446133221288,1.210516725739909,23.316631855187254,40.0,21.101345499621807,0.0
2.5816332260274377,1.162555539057693,0.0,6.113876609690137,4.187561839917705,1.9099350612500563,40.0,40.0,15.817235841966681,0.0
2.9768650774119223,0.512265616685592,0.0,5.888358719210748,3.622830956547268,1.1067234095184233,11.172888251264293,40.0,19.793789854833502,40.0
2.472628774595116,1.2475937042172762,0.0,5.455348234452658,4.335957165121902,1.543397602877411,24.059801546308584,40.0,16.098284061806073,24.158247994404093
3.1349971931321416,1.1359130767233816,0.0,6.177767091170764,3.9137156317960486,0.0,40.0,40.0,16.17159906121843,40.0
3.6086375878167867,1.1706465123767864,0.0,6.933162850126483,4.518162538124722,0.0,24.769463654369332,40.0,40.0,0.0
2.5895496358871344,1.683526907394453,0.0,6.032622656859921,6.360854476469545,4.405144754652667,21.406811409014853,40.0,21.087514657138627,40.0
3.3181493959730575,1.0269888632738309,0.0,3.2339179227219965,2.8287712401974034,0.0,19.670879391530548,40.0,18.436765791968956,40.0
3.7822931211246993,1.1971106882996974,0.0,6.857124434713832,4.82965148131242,3.1526847759178467,40.0,40.0,40.0,0.0
2.444188557931532,1.3425146867105875,6.283185307179586,5.488938633687995,4.76201530830279,0.0,0.0,40.0,22.090598840080137,40.0
2.7951036323858127,1.1249794980878458,6.283185307179586,6.268913780980169,4.274843129177091,3.91911536133375,34.95477987918696,40.0,13.979231333229142,40.0
1.7208456401441667,1.757893345312608,6.283185307179586,3.4748173828384683,6.799282605892919,0.0,13.198383601749498,40.0,18.60253805702798,0.0
2.075685478848378,1.640034714304169,6.283185307179586,4.610708528097901,8.0,6.283185307179586,17.597856773236906,34.53334009235356,19.23744387753334,0.0
3.0195244697183017,1.129250371157149,6.283185307179586,6.5764058228683115,5.392166830260493,0.0,18.946505639323732,40.0,30.72557970803636,40.0
1.4918793310439433,1.9194494485590725,6.283185307179586,3.595903418241728,8.0,6.283185307179586,19.364375400906077,0.0,23.285280977855862,40.0
1.7286578683387719,1.7286689608217753,6.283185307179586,3.9948190235247134,6.899563847471929,3.9591942262453217,17.971034453275585,40.0,22.543824853311285,40.0
1.717095734707566,2.0630909817736724,6.283185307179586,4.4474462968900825,7.5222738234528785,0.0,18.820775559850635,0.0,22.599957933755668,40.0
1.2554455509671019,1.51272966302755,6.283185307179586,3.0123268981277183,6.9450790992867875,6.283185307179586,17.743021306187032,40.0,16.91822934979277,40.0
1.6157612191553152,1.858235074503964,6.283185307179586,4.319689673369371,7.305937030871691,3.0964147904269224,13.767902135632898,40.0,14.702295924857886,40.0
1.127166168366587,1.6128290716306681,6.283185307179586,3.5359357170903585,8.0,0.5812187893707572,13.175612094746656,0.0,21.372362423382047,0.0
1.5587537790060682,2.2421191021407085,6.283185307179586,2.2230023029286685,7.984004987918815,4.550247015440986,12.934430692039545,39.28109894796214,18.883681991953868,0.0
3.1797459222367577,1.282678004602954,6.283185307179586,6.7813520770446525,4.646781879486041,3.441621751252594,18.207190608461914,40.0,32.38823595454911,40.0
1.859867578185893,1.632574271997969,6.283185307179586,3.5715355255284367,6.822148748690768,0.0,17.728655457839494,0.0,13.386941043001734,0.0
6.462817001158693,2.3341997552743035,5.0809619549302045,8.0,8.0,0.0,0.0,0.0,40.0,40.0
2.829989578571143,1.392637318764417,0.0,6.497177116589039,5.010042775699984,2.310725138894104,40.0,40.0,18.58310547927258,40.0
2.2970851060630006,1.034231918611938,6.283185307179586,5.032797873668289,5.227966215750164,6.283185307179586,14.893126335854443,40.0,40.0,0.0
0.9646574389842227,2.04726727988495,6.283185307179586,2.767268810277044,7.5782454740555965,4.5902146709340546,26.00333940711087,40.0,18.081567676121622,0.0
3.491591074307486,1.1802659548998777,0.0,7.747086032322688,4.977289729268046,0.0,35.58575071015651,40.0,40.0,0.0
1.974635200566913,1.9137604589551145,6.283185307179586,4.410183516345342,6.519861583709301,0.0,19.100055706906737,40.0,18.36482573681524,0.0
1.252644667744357,2.417864136012072,6.283185307179586,3.399238260780995,8.0,6.283185307179586,27.268452191677625,40.0,30.516525161886193,0.0
3.842822859409237,1.2336361342732738,0.0,7.67520387181698,4.304763525570245,0.0,37.19324873018398,40.0,30.378659854677142,0.0
2.247460947122828,1.0686850274144202,6.283185307179586,4.853765213527082,4.4242083093221405,0.0,38.507222346021386,40.0,6.311524971310323,40.0
1.8501024123818453,2.2082240779799327,6.283185307179586,4.580817930259963,8.0,6.283185307179586,25.663393571609884,40.0,22.986000946034814,0.0
3.047766969048515,1.1320340237328546,6.283185307179586,7.030894235514966,3.857344164529517,0.0,20.36763901542276,40.0,16.602928902765306,0.0
2.3531763579132257,1.7738245970933018,6.283185307179586,4.475603874207627,7.266406315653478,0.0,13.388336331152221,40.0,19.215511744251003,0.0
2.587538939908053,0.7920015579547958,3.902061786422736,6.1735919124120535,3.36732903246406,0.0,38.731600098165956,40.0,2.3296189710645927,40.0
4.172433492509435,2.1454827780760404,6.283185307179586,7.217661335553446,8.0,3.987914998911291,37.87425060954259,40.0,20.905180145355345,0.0
2.6996944283421582,0.8267423391322233,0.0,7.290274970011254,2.090169528193634,1.567778905609695,33.08963812676367,40.0,23.273970429158073,18.0808488468488
4.305190413420991,2.330830899147213,3.3733348206520977,7.537859864954377,8.0,6.214309875937708,37.74958541339113,0.0,14.426053133632408,0.0
2.876299735553812,1.2375688528950253,0.0022211196156297435,7.395898186417609,5.909377464910875,0.0,18.121011266114532,0.0,19.489193968547795,0.0
2.4397820189435033,0.9718050264261967,6.283185307179586,4.710192160199882,4.566048594601786,0.0,40.0,40.0,14.633766998806442,40.0
3.7883613990381577,1.7759180305959934,2.8006580594895154,8.0,5.077994428200825,1.153283422774208,38.33042750583953,24.018997957861167,30.568234860840487,0.0
1.5987958055360363,1.264991777758614,6.283185307179586,2.6454815408469026,3.9032532967236047,1.535840140020661,31.99877458199708,40.0,5.765948686547499,40.0
3.449367186205893,1.325144461672902,6.127969068524657,7.879766437703615,5.505039139204874,3.5689673841635057,36.520091972895585,40.0,19.234030696412933,40.0
3.6765969968542698,2.061033450973487,0.2098189621182292,7.29054304502502,8.0,0.7847416741996753,39.9505936856455,20.90069372034655,40.0,0.0
3.6379759960544726,2.036571167886161,0.08888186183851368,7.335326327816159,8.0,1.6601946532885192,40.0,0.0,40.0,11.887472065651142
4.257853926349144,2.475707169369523,3.2200434549310946,7.298572142760756,7.9471244513075,5.928547154268826,38.943710974079465,10.512710690655435,13.198531496522374,0.0
2.7769546607606554,2.0016540748392764,0.11337409612451976,7.327397408234015,8.0,6.283185307179586,35.26182954832975,40.0,19.055767753743073,13.8907317490147
3.90503394634239,1.802112369540301,3.2909570308198903,6.581392968775832,8.0,6.283185307179586,36.94320416233571,0.0,17.30753906721628,0.0
2.5748492195031343,1.8949875671828327,0.03277320172359268,6.507820970680249,5.175393540650023,6.283185307179586,36.70822139815569,40.0,3.256083414509812,0.0
4.5531434785813065,2.126805673270978,3.488020452284958,6.603597277608008,8.0,6.283185307179586,35.55059782625128,0.0,26.959899012636335,0.0
2.5334560299200306,1.6138817532604606,6.283185307179586,4.905751079282458,5.20503138580311,0.0,40.0,31.491648271261873,28.920666088317766,40.0
3.619862467740925,1.619943866838168,1.268912067773486,7.487442939320537,6.34497229297782,6.283185307179586,35.03003773830362,40.0,38.45218989544455,40.0
3.641277031590958,2.215303234048293,1.316360429974021,7.718043999833529,8.0,6.283185307179586,36.46575065520421,40.0,30.155667467122097,0.0
3.730602994317365,2.1987315485484835,6.283185307179586,6.815202895488918,8.0,6.283185307179586,32.84864955958401,0.0,27.069180478957882,40.0
3.2602394189077915,1.2054406262612258,1.190002411182691,6.600726212521968,4.56413766064531,0.0,40.0,0.0,37.24982941889133,0.0
2.5764486723624316,1.5498918401579445,6.283185307179586,4.013386544795385,6.636487101823657,0.0,27.01212525325767,40.0,20.6765109270029,40.0
3.4038537036835987,2.689084787973017,0.0,7.2361094425894645,8.0,6.283185307179586,32.052554189441096,0.0,24.524213361901044,0.0
2.214739334554201,1.1575147237536907,6.283185307179586,5.743053543965923,3.7361414131495017,6.283185307179586,40.0,0.0,25.64982388389916,0.0
3.5528764517901936,0.9251206240483613,1.2507523147599402,8.0,4.50850421652723,6.283185307179586,28.239946309775974,0.0,40.0,0.0
3.0715884581604365,1.4085766962575597,0.0,6.538555417049934,5.150844446110102,6.283185307179586,30.57994478055553,0.0,26.958602071490226,0.0
3.185938392827489,0.512670459057508,6.283185307179586,8.0,2.9991824086526093,6.283185307179586,15.020689216183023,40.0,40.0,0.0
4.889093992725963,1.4972107063697568,0.0,8.0,8.0,0.0,8.775256077580542,18.30192505854278,40.0,0.0
4.306637275400794,0.6845456800933455,1.4744426880560029,8.0,2.9464465758725082,0.0,40.0,40.0,40.0,0.0
3.9243003076103458,1.6391009739352893,1.104001546006253,8.0,6.5452965451578455,0.0,29.406575453492007,40.0,40.0,0.0
3.131759476408799,1.3809781691125875,0.6846077824863254,6.743743590953973,5.867138326102809,0.0,30.80806807471092,40.0,31.864533315166828,40.0
2.2649427851420296,0.1760491636364888,6.283185307179586,4.905465012471806,1.935281943706166,0.0,40.0,40.0,12.319247572582332,0.0
3.544295063075259,2.2824929588265617,5.4077030004817255,7.073415907136553,8.0,6.283185307179586,40.0,40.0,27.170337789699175,0.0
2.8315282199300627,0.0,6.283185307179586,3.996861205595576,1.4178405096491655,6.283185307179586,35.59286705100143,0.0,0.6143065034671049,13.513683683920945
2.166980425412131,1.3500408863897453,0.0,4.1091815323321885,6.163400807888405,0.0,25.169474967688444,40.0,8.443232617647153,40.0
2.3066041859465214,1.383799629874282,0.0,5.128098253239999,4.524525063138635,0.0,40.0,40.0,15.466293407839443,0.0
1.7095141251489432,2.0556460426640073,6.283185307179586,3.5412806615198718,7.008407746661513,6.283185307179586,21.30698374544901,40.0,40.0,40.0
3.1042550668610125,1.252024024187643,0.0,6.0489954919863465,7.805155262579933,6.283185307179586,13.462658362428542,40.0,25.92254735763077,40.0
3.218435662039208,1.977222675582326,6.283185307179586,6.703026650648005,6.134414594481507,6.283185307179586,40.0,40.0,33.57118935374174,0.0
3.1086625264589385,1.9954269001602898,6.283185307179586,6.728065439678174,6.422279392640179,0.0,40.0,0.0,30.99742256378709,0.0
2.996271872496395,2.141246080655661,1.31359757146703,6.544839016993384,8.0,6.283185307179586,40.0,40.0,21.776587697645674,40.0
0.740453921492216,2.261255435855942,4.925396695277967,1.0052133628393163,8.0,6.283185307179586,24.325723339720234,40.0,38.05728439771401,0.0
2.4320262309078666,1.3969775404158555,6.283185307179586,5.195863442897965,4.746119058684861,0.0,24.829101625669043,0.0,24.87699877531588,0.0
0.46586473277718965,2.093561775837475,6.283185307179586,2.4070763807172013,6.973253477455631,6.283185307179586,16.424552573457664,40.0,30.466775727750708,40.0
3.5399010734705074,0.8903265816861436,0.0,6.233342573572141,2.7159988329543547,0.0,40.0,40.0,31.676336797584487,0.0
1.199417699392741,2.1624302062151344,6.283185307179586,2.719110007052999,8.0,0.0,21.042663187985553,40.0,30.59707190910052,40.0
1.8941586507503574,2.1262752123000284,6.283185307179586,3.6880730872286502,8.0,0.0,27.86213020907034,40.0,40.0,40.0
2.1089948163201875,1.9780037427127977,6.283185307179586,3.3291336579972395,8.0,6.283185307179586,22.511295212007223,40.0,40.0,0.0
1.769716121375854,2.592873006042772,6.283185307179586,2.5585934611641257,8.0,0.0,24.216000386618248,0.0,40.0,0.0
0.7303294502131457,2.067236466845667,6.283185307179586,2.474010364707,8.0,1.5737342796413696,36.033614314336255,40.0,40.0,40.0
4.2809312638132395,0.7336566331243126,0.0,7.7296613009665975,2.4098032715478115,0.0,21.794779812971186,0.0,36.468952832791565,0.0
2.789875059688069,1.7692305209104315,6.283185307179586,5.45233178313772,6.020016652359366,0.0,27.076897878482168,40.0,40.0,40.0
0.7304756200824954,1.7751232693108667,6.283185307179586,1.439230447588139,8.0,0.0,24.80810041572871,40.0,10.44241599850099,40.0
1.2396694734807479,1.361537745538301,6.283185307179586,2.128891545012169,6.494093466367586,0.0,15.83870943469778,40.0,0.0,0.0
3.3115592207225233,0.9921872475488341,0.0,6.9451739709529505,3.950809103333766,0.0,20.830660053560962,0.0,31.30736278258365,0.0
4.2007941127755775,0.14821527594693004,0.0,6.80772579580879,1.9673989163791503,6.283185307179586,30.3822517729825,40.0,40.0,0.0
1.5972343371299789,1.5744613988838254,6.283185307179586,3.4518958408866123,5.675097578074393,6.283185307179586,28.086744564133536,40.0,40.0,40.0
1.7295036698322197,1.4324425501159677,0.0,3.712332704760348,6.600769224765103,6.283185307179586,40.0,40.0,8.34097832972734,40.0
1.17490669460031,1.5986833650471444,0.0,3.2030705023576966,8.0,0.0,25.8223386947226,0.0,40.0,40.0
2.878396030526458,1.5609764176285037,0.0,5.698320080212131,6.174508846685827,6.283185307179586,21.60233161205689,0.0,13.09495140228179,0.0
1.8256960832325617,2.0354241037139706,0.0,3.2056519206251033,6.1227014103745825,6.283185307179586,33.07495697078841,0.0,40.0,40.0
0.5175613521409933,2.0592966727935944,6.283185307179586,0.7663529828315249,8.0,0.0,26.604356573971636,40.0,18.5681888277178,40.0
1.5943193415399703,1.8651585526114283,6.283185307179586,3.239127955607994,8.0,0.0,21.932568163731887,40.0,16.480869271695248,40.0
3.2607630708798365,1.2786190345090178,0.0,6.563479532813058,4.065545040216026,6.283185307179586,20.967799926816962,40.0,34.66430380549455,0.0
0.0,1.6044655858953396,6.283185307179586,1.2280538224844681,8.0,0.0,36.27299730704018,39.794340266189934,12.713222397070851,40.0
2.369902927619915,1.4070040454972608,6.283185307179586,4.689045161157968,4.961334433096157,6.283185307179586,40.0,0.0,10.809104149367293,40.0
0.2633780913005243,2.3179806033285035,6.283185307179586,0.0,8.0,0.0,38.210994276879944,40.0,8.159280210296215,40.0
