Ωl0,Ωl1,phase1,ω0,ω1,φ1,ton0,toff0,ton1,toff1,nphotons
0.1299111321874849,0.33872122559345935,0.4688343475752905,0.5143251419067383,1.604238510131836,5.078739245600874,37.73069381713867,11.31016731262207,6.252008676528931,38.23143720626831,43.97479086134686
0.4394541840477418,0.1255031011621885,5.4605018852843195,1.6092536356300116,0.6073241848498583,3.0478389093757423,14.892314299941063,26.078107059001923,32.097172774374485,14.324460625648499,0.9984801904759001
0.8011268629122534,0.46177278131480765,2.603629680426914,0.10748665779829025,0.25869807600975037,0.7740546966108107,27.269066274166107,38.94398882985115,29.232417829334736,4.349400028586388,57.15784561164479
0.2994641843133658,0.024176713722810696,4.110092136600726,1.0149977821856737,1.265332194045186,4.25321102150532,0.10972477495670319,3.7067269533872604,14.761457927525043,28.255232982337475,0.9749330021990186
0.31870456680924386,0.3725347866579675,5.927833459040191,1.4446456842124462,1.1563753727823496,6.128023809383256,21.04327566921711,33.20423275232315,24.62787352502346,19.11514688283205,1.0002429435450397
0.6297186351223844,0.11343994044081589,1.4945335529785413,0.4122099485248327,0.16355808824300766,1.851387490291694,6.344707012176514,9.065622165799141,18.89710985124111,33.33316922187805,61.632488503865886
0.5581646884426403,0.25041125890033994,3.3512935865096547,1.9139806255698204,0.939901465550065,1.001029602363834,33.95574860274792,15.91710977256298,2.2725699096918106,23.30943189561367,1.0231914887937956
0.06140450792319406,0.21384558860071504,1.715975386565471,0.9439769703894854,1.9425606653094292,3.7807028477575653,18.65692064166069,21.7738975584507,36.85800649225712,9.090264849364758,20.87786618333893
0.03877531567642323,0.4178845767254835,3.5359304961209124,0.3024887200444937,0.6849657613784075,4.585831960753977,22.907823771238327,30.329988822340965,20.41901644319296,25.627295933663845,0.5021354616423388
0.555491353708196,0.0422091984138755,2.293307492365034,1.3329656980931759,1.68187215924263,0.19833937276241967,9.478939101099968,6.968027204275131,16.212035976350307,1.7191023379564285,8.776136834301912
0.6831718848759216,0.31979269023921975,5.721735939119801,0.833023564890027,1.467967750504613,2.643379645749665,32.09013223648071,18.010178208351135,2.7707911655306816,11.79424062371254,0.9924204135069202
0.39172768064129904,0.16295056209656913,0.8957345638771225,1.801083780825138,0.4613415002822876,5.336744808933911,15.521315410733223,24.652818217873573,38.254934661090374,35.698848105967045,62.269930073879195
0.20747204740054734,0.28967416240434823,2.8116440560548948,1.7463604267686605,0.11716478317975998,3.4751640097528442,35.82555748522282,14.843683689832687,8.625183999538422,6.716232858598232,35.626661784688395
0.716050187375122,0.19303655199678002,4.710809198557579,0.6533757410943508,1.109989458695054,1.5543486569062834,11.796229779720306,27.57517121732235,32.86913126707077,20.933039262890816,0.9959042286924792
0.47374515466427314,0.3886940658355804,0.28228084558169575,1.153313921764493,1.7711765989661217,2.281390380289482,29.172829017043114,37.441795244812965,25.648608952760696,30.86154416203499,72.77658239822617
0.17151590940339373,0.07137444903460774,4.881251425749051,0.24776167422533035,0.7685100082308054,5.84609238471063,3.204741030931473,0.17848491668701172,10.201355963945389,16.641151644289494,0.9980229809635142
0.19299786056058393,0.4096739358522356,2.0987909235005984,1.9522206112742424,1.326982481405139,1.2709975872711743,13.27410489320755,35.95815069973469,16.35021936148405,34.56130772829056,0.8644547430190883
0.5024539538297937,0.07627191947113764,3.752324349473489,0.9202633518725634,0.32183609530329704,3.167267000469395,39.18101705610752,1.3507667183876038,22.1554459258914,17.843280024826527,0.9873703017124508
0.7376444143723714,0.2725296996728147,1.0935275074785742,1.421544324606657,0.5434613954275846,5.563410161221362,1.723708063364029,13.671003729104996,39.326851926743984,7.8572530671954155,72.84310205920818
0.23606847422765048,0.1916982760528301,5.545041141540818,0.4520349409431219,1.5428246967494488,1.9741667112362136,25.81938050687313,29.059066101908684,4.823202453553677,24.576425477862358,0.9934188728068919
0.8094869016983952,0.43273108314785963,0.0,0.9013105996255851,1.496813822119794,0.31201574344709954,23.933073504508258,40.0,40.0,6.327728591722454,63.19997032434601
0.8094869016983952,0.47325180580435544,1.1327367612301757,0.0,0.0,0.0,28.2619496209429,40.0,40.0,0.0,0.9043693496822448
0.8094869016983952,0.0,0.0,2.0,2.0,6.283185307179586,0.0,40.0,40.0,22.27834880410405,0.0007256362731708163
0.6676743002247736,0.04707099150527749,1.2030139920706424,1.6398996341116079,0.36074408089713034,6.283185307179586,1.161921162009256,1.902888380543141,37.62403938076025,27.642240749831494,16.903074486929743
0.6666674255179166,0.47325180580435544,0.19233215686633404,1.716670065811933,1.8871667540317478,0.0,36.681970403428195,40.0,40.0,29.03163457518607,73.52062906741963
0.6700633761193787,0.23050146046627304,0.783323646446056,0.6256009106131093,0.6784990483239868,4.015888329744563,2.7004520363138367,6.415142443685513,21.135178978378555,33.382651703772304,79.64648977673542
0.7102527727374515,0.23011788033840028,1.1992222640191943,0.34341012680439287,0.3286928990874262,2.1568171272696786,10.852429102310639,28.647803782090485,20.004790897747636,34.16621004135813,75.23368273307044
0.8094869016983952,0.31461538606144873,0.306506030775775,2.0,1.3792379639503871,2.1044809886410016,17.22683926607424,19.5228765172893,40.0,40.0,75.0112175003106
0.40170117471725647,0.21930138428027962,1.0026138412700305,0.5467024009976974,0.21993640085636618,1.6621047531787525,0.0,0.0,12.375453177123068,13.044678914547458,24.563561175012353
0.8094869016983952,0.3138708752131144,0.7884141700010281,1.065139037726952,0.7968406992908422,4.796323204991238,14.791219615817646,33.784029330966604,40.0,28.307846297143694,69.56326279450461
0.8094869016983952,0.23686395743677408,0.9136599653071057,0.0,0.5576747313958439,3.3886908577052584,36.7500197516439,9.038141532891775,40.0,40.0,37.28528067268799
0.8094869016983952,0.3774276837222617,0.40272788770573387,2.0,1.2790428988222569,4.71416957472407,0.0,16.107070284569915,40.0,18.825655902248442,21.086062398619305
0.7906589268867704,0.2205586873369145,1.0818344999888208,0.982325460276355,0.677902147631299,3.9049163510318,9.373763887776525,19.59911064423869,30.188313221521234,39.4520194848123,82.82382918437524
0.7360135672787251,0.35117373146363623,0.0,1.7820350516502912,1.699853469101373,0.3005016833704607,32.309774186764216,29.296059281189564,37.152279760690575,40.0,71.28639278296077
0.7816963167462904,0.21093202116270765,0.6921436413548214,1.3873876209213163,0.855891878506788,3.335049107142527,13.484893409008647,30.622060903522815,17.058003092284505,26.67663724072735,80.64645555570024
0.8094869016983952,0.24510683984791734,1.2060399981660053,0.13220044919548113,0.4665358114095377,4.450861996465705,8.011853950225706,40.0,4.888781495726101,29.205781139233853,1.0002876808618344
0.722665621670289,0.1982119112290774,0.6763791424704804,0.43043486386307495,0.745487665354774,2.5789967021488627,9.202696882991532,38.08488487556643,40.0,40.0,79.21452075308605
0.8094869016983952,0.25181784656273376,0.8708508358271116,2.0,0.5638354171300615,3.536944706105752,11.459421087929858,5.6662510142668605,7.752171636149157,40.0,75.96446669200003
0.7013254459064138,0.23113473547747634,0.6111268498083512,1.5227068649460642,0.7239132452769552,2.3019040360709253,14.58239444014133,17.77347196750529,24.669971879936973,38.000545677777936,83.51941420223845
0.8094869016983952,0.2348688566476536,0.8375126992313385,2.0,0.5787435240275485,2.453376600621256,13.28853255623033,20.60682565804818,29.221304520412446,27.840137521049723,79.52141316173561
0.2373505930391307,0.22064369185176927,0.573226446150069,1.0754824562025678,0.8638099513676615,2.3987273867361085,15.925495158461525,18.067063097772934,23.286253095763595,40.0,57.17946046239916
0.6578319263609238,0.2778229200600909,0.8145393497291145,1.2395491448438865,0.4533898900151749,3.8110532773853643,8.885767358726897,19.42003737663796,30.682388978184456,17.30448939245462,69.50643833987944
0.8094869016983952,0.22128089172884452,0.8478092375759818,0.9350531707464711,0.9075815982883111,2.5374752895547568,10.142745708227967,22.48331360889655,26.125554958793302,40.0,77.2180316974209
0.7869046464486966,0.19244124339319701,0.2859396378478536,1.3080902893144337,0.49361999153887237,3.3851916814443586,8.851481918600621,20.823017658931903,26.065138542072166,40.0,86.3576668707865
0.8094869016983952,0.33526378122488926,0.008623654028842692,1.0033030042273674,0.6676702546136729,3.475362766831492,19.798916224040944,29.476597972150437,25.287149921836146,30.46500401279779,57.49423108949683
0.8094869016983952,0.34768744899776,0.23409922546334958,0.6960240066632049,0.8935703458972404,0.33671151288293266,32.57547657776888,39.56100779057394,26.38525956112035,21.71818403067625,59.107902287907685
0.8094869016983952,0.2978006387716747,0.09944988071390905,2.0,0.5759329545945936,6.283185307179586,16.714587054701717,18.930068319735412,20.05622980356304,33.042726754729564,65.50280462439217
0.8094869016983952,0.19804557499417935,0.7230692752991081,2.0,0.4145581816538714,3.153494232952602,11.748259429472041,0.0,16.857073988161446,40.0,80.51120676466532
0.8094869016983952,0.20900432774583222,0.0,2.0,0.7509569513823781,0.0,15.692923795058604,0.0,13.247993816691501,40.0,79.71160102659951
0.8094869016983952,0.19964580709490232,1.2334502221555343,2.0,0.29089630278105916,6.283185307179586,8.469423206378123,0.0,18.304498766915707,40.0,77.6676857115683
0.7152531194141495,0.18726846977874595,0.37804324494038744,1.7962006600326534,0.6892960888533167,6.283185307179586,11.358097536433595,16.954654238099593,17.26159266162539,40.0,77.47886692318785
0.7424917548158696,0.22062351405084385,0.2617858239998863,0.3513475800954711,0.4395062979538712,3.129648445528643,7.931373000131613,15.794444792802423,40.0,40.0,77.90661129691667
0.8035733473896804,0.46683645442420674,1.595225845152856,0.7948842000979802,1.9108189984995436,2.1542239541222115,32.868127580079886,40.0,29.94153111276959,21.229059131029512,58.017326581601885
0.787034950863776,0.22375365447585652,0.5237423725266128,1.7738563056346675,0.6452945678590801,0.0,12.52464045715975,35.53407057197697,40.0,40.0,83.31624146330334
0.728203896444661,0.185616022832945,0.7608374322217977,0.5398095753579624,0.09572182300282331,0.0,0.6454057939248692,33.818027834864985,27.753592367149626,40.0,51.50288374297976
0.7937906818507902,0.22152774068037304,0.3185999566458202,1.6029215778437436,0.8655012078496856,6.283185307179586,14.890846479921755,0.0,40.0,0.0,81.19335751782008
0.8094869016983952,0.20006233864281733,0.7524837306965467,0.6444651550784077,0.5413949185088712,2.1361586054457415,12.749792861850032,1.140301989229293,22.351301782269516,24.93981681824407,81.12907071072294
0.7231179149317818,0.22132017384306826,0.0,1.4527120662201574,0.819916542319314,6.283185307179586,10.92908001338128,22.64352865438664,40.0,40.0,82.56436490123463
0.6908319996770594,0.2312136436528365,0.3306745858619092,1.26486859791648,0.8241074051821952,0.0,11.23132550646333,1.6785793759831404,40.0,40.0,83.89915898886913
0.8094869016983952,0.2255199187891725,0.8761306535909813,1.8367595810574078,0.6616059757956696,0.0,7.493954967988903,37.51471246167299,18.308661078647713,40.0,83.23271668500077
0.3320143334523726,0.47325180580435544,0.0,1.181543489987257,1.653973531402393,0.0,40.0,0.0,30.182773869334653,0.0,62.07001402494199
0.8094869016983952,0.26009515371806374,0.04002182660549068,2.0,1.0331155276483819,0.0,3.7153167681063817,0.0,12.202241806558394,40.0,78.29946995881949
0.8094869016983952,0.3058500321505985,0.0,2.0,1.2942457702871046,0.0,20.499622593837664,0.0,8.439387584761526,40.0,76.18498756763361
0.34525336799284057,0.4296864984405267,0.025095624532635533,1.5986792166726127,2.0,6.283185307179586,26.756168117009036,40.0,38.68913047102385,40.0,52.086252154308944
0.6016645097103838,0.41116055014684916,1.4493276070373888,2.0,1.4666547464923438,0.0,31.510205779078206,40.0,40.0,40.0,68.07486423102843
0.7065575337443373,0.19362960627055076,0.6833514534494287,0.7746703211095026,0.49199762001730957,6.283185307179586,8.626389890034835,0.0,25.12660406976961,40.0,84.12008360935103
0.8094869016983952,0.292241098869547,0.5728974340582625,2.0,0.6607570565112117,0.0,15.747123573039607,0.0,13.005485684276277,40.0,70.88494630296793
0.8094869016983952,0.22592627216310635,0.7947459249945266,1.4928313355676015,0.6856837151876318,3.9076442167424315,11.729183067277615,0.0,40.0,40.0,85.08541880136245
0.8094869016983952,0.3108650998579923,0.0,1.492629076635389,1.8075881768531314,0.0,27.58903339289602,40.0,16.706056908983005,0.0,64.70843589997587
0.8094869016983952,0.4494370095260157,0.0,2.0,1.625113680205362,0.0,33.23939693805751,40.0,29.445050389015236,40.0,75.0813188755683
0.8094869016983952,0.23352296970244352,0.0,2.0,1.362660452590133,0.0,10.94503439324239,0.0,1.1516536753909783,40.0,63.02477688742111
0.8094869016983952,0.20376896832498378,1.557256056778447,1.1904105745447806,0.10514957372373945,0.0,21.577002571323284,40.0,21.832235540457386,40.0,56.324063184686516
0.8094869016983952,0.2148051383023554,0.19498214600642702,1.1280353505609546,0.6918124420274653,0.0,7.891009778033997,40.0,25.45257805868325,0.0,84.16808070223341
0.8094869016983952,0.34385472185343763,3.493308732133386,0.0,0.0,0.7190579143143027,30.393067012557147,40.0,22.91625611385081,40.0,0.24951426692001658
0.749865012730677,0.22213066371887702,0.1664643251752739,1.3925881868714556,0.6927886056423204,6.283185307179586,11.959245929407427,40.0,33.63735290062977,40.0,85.11618029566836
0.8078214875788354,0.22144375173213066,0.27609722943968484,1.220571230439242,0.5710402105799356,6.283185307179586,9.1795116994141,40.0,21.315164534675294,40.0,84.332497277109
0.6121301368928822,0.4157304886535434,0.0,0.9327003409948139,1.612810965582602,6.283185307179586,40.0,40.0,18.736548618991637,40.0,75.48894797159406
0.7492853276811878,0.47325180580435544,0.9135188152532169,0.0,1.0315984744667832,6.283185307179586,34.45695291487113,40.0,23.33729754668846,0.0,22.485498172997534
0.46329011526635655,0.35759064830548876,0.0,2.0,1.4894287733711071,6.283185307179586,39.45290362541557,0.0,19.64782478332114,40.0,58.904161939279696
0.6595557419206237,0.20996944028567444,0.38620473981699566,0.8261690139610206,0.5981394308905067,0.0,11.567289158734654,40.0,24.758620508017614,40.0,84.4535492029855
0.8094869016983952,0.33042435770785844,0.0,0.7901487333204187,1.4379767643365353,0.0,26.466673625011964,40.0,21.16293347752017,40.0,65.2796467500517
0.8094869016983952,0.29395578321494426,0.5658736917783262,2.0,1.167338078222014,0.0,30.412880064101753,40.0,40.0,40.0,77.91262430979295
0.8094869016983952,0.4505263815725011,0.0,0.7847322173905994,1.999650375358754,0.0,40.0,40.0,26.318781468544344,40.0,56.92490360692485
0.8094869016983952,0.418688180062343,0.3591787240039015,2.0,1.4231915489128917,6.283185307179586,36.513345111600415,40.0,40.0,0.0,75.20274640061481
0.5671086734784867,0.44339929143576806,0.0,1.496133316206918,1.8954999868839637,6.283185307179586,29.402962558424434,40.0,10.871467090059081,40.0,72.32307129832772
0.5146473646768828,0.22306064232807168,1.262374882758574,0.0,0.5849353132708134,6.283185307179586,8.114025403023719,0.0,29.430749931149755,40.0,39.97761758734573
0.8094869016983952,0.21961836639943008,0.711158622207843,1.3218193953521735,0.7467831048165781,0.0,10.401928141511052,40.0,36.8797168770205,40.0,84.49432891102721
0.7189985541720894,0.2036558113451188,0.7977837525905819,1.2495701924318583,0.5404325016947532,0.0,7.694248254555443,0.0,21.68202233411535,0.0,86.07380589917055
0.41790171705135,0.37818751481781465,0.0,0.5949549817718115,2.0,0.0,34.76638698325761,40.0,15.870364175273302,40.0,68.75937524404436
0.7559502767551135,0.22766946192440063,0.345902627198827,1.025005585431918,0.7172239838838791,0.0,11.912733540704412,0.0,29.128691495632633,40.0,83.44764177477587
0.7828730922426154,0.47325180580435544,3.343715219154527,1.1065991800975925,0.7845393430625256,0.0,25.194682323942498,35.83981641522033,39.736072681762266,6.954925727823561,38.43912599715475
0.8094869016983952,0.386161282749688,1.1514031287550797,1.8849894681144836,1.4612556858645502,0.0,32.695974684655226,0.0,20.997189103712856,40.0,77.36106973715293
0.8094869016983952,0.38209993548989346,1.3559043097342285,1.8336285690767342,1.2687763809112074,0.0,32.40209319265216,0.0,31.493489488635706,0.0,77.11871894065203
0.6598967544187061,0.4521583190162893,0.7997725035836621,1.8202211478438186,2.0,0.0,36.64993193600398,40.0,19.364243450576943,40.0,70.1832052946087
0.8094869016983952,0.4091377708863217,0.0,1.5287839696198666,1.7651207065718424,0.0,40.0,0.0,10.659972566847822,40.0,75.2892177448601
0.7572187724030732,0.212508826780163,0.589859698771537,1.3060584407780054,0.6984810108659192,6.283185307179586,8.90902083491643,0.0,30.069648843741994,0.0,85.08515854517148
0.7751767630843746,0.21663661015055252,0.565724472405973,1.4208750843767415,0.761156516627865,0.0,7.955642405052952,0.0,28.530407907468152,40.0,84.00380627774422
0.6510652452925727,0.12718008951950943,0.14420743167256356,0.3654248222500876,0.1994760124062965,3.0759751942345783,21.229284318639152,0.0,29.30665270630716,0.0,71.78933748027963
0.7616339435915763,0.18863305931587443,0.0,0.9442713875992886,0.488423510843159,0.0,14.112083465884275,0.0,40.0,40.0,85.2198020587205
0.48997777710232365,0.1752284603779909,0.0,0.7717375958015912,0.3868772323821943,6.283185307179586,25.20164420413618,0.0,20.764650207364404,40.0,85.92587987519316
0.534307113930633,0.19187414693115742,0.0,1.460336808952752,0.4962583112973476,0.0,25.6298022488461,0.0,30.784379535507227,40.0,79.09441734969182
0.7036105672598719,0.19637884876731537,0.021947133975098024,0.7131021363067005,0.4409744143904414,6.283185307179586,16.0915040216192,16.904272736423305,31.8872011707135,31.710656766063753,83.00272207921044
0.5644764843536648,0.19839789116510734,0.0,0.7425651099429083,0.3639073494977214,6.283185307179586,31.613292001812134,0.0,29.339010589594466,30.62449706305621,84.35330918455504
0.8094869016983952,0.20168935481919154,0.0,0.582909089026778,0.4818277006514884,6.283185307179586,0.0,40.0,37.91485459261314,31.38137743732468,27.125792889063334
0.6653863850963364,0.2170827506566011,0.9079569905394957,0.4991055710056987,0.5348423197900728,0.0,16.477303349721687,0.0,40.0,8.336668993345919,79.7894497426295
0.6481446341425291,0.22465007272339488,0.706020222561333,0.4611466333432531,0.6880081364241073,0.0,18.211147753358727,0.0,40.0,40.0,80.40628408864994
0.6210231017773399,0.24457956820336446,0.7173981351037215,0.4897281539720035,0.8301652131977342,0.0,19.700959283000113,16.512244228294076,40.0,0.0,78.35107758390771
0.49882878471655506,0.24194326508774,0.0,0.7961222362280095,0.9050948903431993,4.182322891137334,30.233704891016178,34.64366511440786,23.088268671170674,40.0,83.31389783357906
0.6591343723225361,0.2223479714758379,0.0,0.1725627618286564,0.32162762173077625,0.0,12.041672428070964,10.70677324773949,40.0,1.3817339810353935,74.57768754570209
0.6056457712106139,0.26816409234435934,0.06742162028674052,1.8564551769411515,1.1770274930928746,0.0,19.13816606606154,40.0,40.0,0.0,70.8930375431073
0.601569254491936,0.1941846364443181,0.0,0.7358561139787538,0.5513243328803106,6.283185307179586,20.197556637538064,0.0,40.0,34.83030742261719,85.28723857849381
0.6229569492903613,0.1882518790270074,0.7374247674571478,0.9356847452879702,0.7168083547727194,6.283185307179586,24.39109876592719,0.0,40.0,33.744274305690325,81.76035735407591
0.5784242873627277,0.23564892867387796,0.0,0.8406063812550129,0.40262521457356365,6.283185307179586,16.874512606155015,0.0,40.0,34.50127879538279,78.40462969684133
0.8070561787751617,0.21061959721792556,0.993198434455986,1.2022365571300955,0.6509310007114174,0.0,20.32530394651434,0.0,40.0,18.68897891431843,85.1835881758368
0.7212518818490592,0.21737225298028007,1.0984582889764172,0.8379531312068577,0.5489956078275086,0.0,15.149504428892255,0.0,40.0,29.074209247656526,82.15407933984265
0.7707645084840808,0.24298903106002515,0.8565200789867803,1.3021832664727087,0.59315865404115,0.0,20.805582983436608,23.566208859636433,9.042130880054009,4.842242940020168,81.79336508519071
0.5529256991971767,0.23572427085268094,0.2651577857984983,1.1098538052201181,0.752613548837359,0.0,21.68164492412445,31.638159102131652,12.996895634276393,12.287926974115193,84.19742187568353
0.42099132216881946,0.20907497769593578,0.0,0.24155946648637092,0.3800378789537164,6.283185307179586,27.480599369097078,0.0,28.011988020483773,0.0,80.7743892356415
0.7589032967212442,0.26684643240071887,1.0511791751019035,1.5356128971056882,0.8832953909377528,0.0,0.0,0.0,19.534575818557556,0.0,24.817376695556927
0.7514829824089421,0.21125379640140257,0.6597088185487445,1.1815282274093288,0.2956940336134737,6.283185307179586,4.544962229406021,40.0,40.0,40.0,80.61095592618852
0.6380981763248782,0.19932064545941178,1.1042280717038275,0.8502918455615328,0.0,6.283185307179586,11.272309229277905,40.0,40.0,40.0,3.5359170735368846
0.638432692108071,0.2103293530672189,0.4048048311262211,1.1455609262169155,0.0,6.283185307179586,4.61122191283059,40.0,40.0,40.0,3.440484672616457
0.8094869016983952,0.1867109857220222,0.7301248561217452,0.5956692221861635,0.3127217618705549,0.0,18.19079330561823,0.0,40.0,40.0,81.3455872106079
0.8094869016983952,0.20377607026264266,0.0,1.2614782837043947,1.0117496449345367,0.0,19.626338932577045,4.954348566338822,10.288228844286005,40.0,72.55108879991094
0.8094869016983952,0.17649899891431683,0.7799872162352188,0.6848327331235736,0.3076575050588524,0.0,20.03617302342995,40.0,40.0,40.0,82.0614745476139
0.8094869016983952,0.2517540481585472,0.0,1.8865805261428317,1.0387173493209354,0.0,10.082640977636661,26.133773202864464,15.398601402070875,40.0,78.36522116182074
0.8026944465583764,0.18927928128013774,1.0247029502704004,0.9236078510744357,0.3372303197687187,0.0,10.01946096254289,40.0,40.0,40.0,83.0684580420739
0.6429321700408767,0.1874389819712551,0.7975010854625192,0.7946727872228042,0.2819861728029703,6.283185307179586,27.157723431484083,40.0,3.045864409563551,3.2812116283101282,83.45759600251832
0.7510513669786536,0.206072605785362,0.7806521320261434,0.8293754930278836,0.2870674461457636,6.283185307179586,10.621427825266354,0.0,29.274381945786814,40.0,79.4422852115252
0.5869528777831373,0.1802117861828783,1.146817355841983,0.3249125046097711,0.25237647248695333,6.283185307179586,17.362473018656846,40.0,7.006644573937145,40.0,0.9994791597208248
0.712938362160875,0.21855673024890288,0.6294353721716553,1.3734313140711307,0.6016379495948444,0.0,6.097784421986644,0.0,40.0,40.0,85.06164815264928
0.6317390807839387,0.19380689928077985,0.2646450673984521,1.0826596977849083,0.5287051667787843,4.201309151988958,26.406426218826887,23.715747726289088,24.87397048128292,0.0,86.21187578903721
0.5529682251335828,0.18705760536066077,0.03591361994556931,1.1237248159201974,0.4814569048506687,5.977482662936142,33.93484762925897,23.77264532789752,0.0,0.0,0.9815864637327344
0.7206763872210883,0.20002403209419956,0.5345378036290016,1.1430970857946836,0.5230843779938753,3.9673732361310097,20.56530491374221,21.76373841593604,40.0,0.0,86.23404653729092
0.5158224575074635,0.2619693149610285,0.0,0.5213576525246671,0.5520389977262451,6.1824952989755655,25.878736773529237,0.0,34.878953462974074,35.27004770470445,73.17775478923896
0.7036728182600248,0.18229172834320045,0.920247196758629,0.5666534115767802,0.39103315255081167,0.0,27.30232287553006,29.97296449286779,17.40400845157857,0.0,83.1818715946202
0.46462732976764226,0.2560813266550204,0.0,0.8540513824688339,0.8055061477532425,6.283185307179586,21.658788354330568,0.2106432996512088,29.468909204062307,32.719908233359696,83.72936564141966
0.5086615818780319,0.13888798619681403,0.26524333774563846,0.4990109144392675,0.6766607461099836,6.283185307179586,27.597624660695374,27.642314012246445,26.971474516181235,0.0,65.72401905878391
0.6906200022339049,0.2419786662400921,0.8780660981748556,1.6066891692978567,0.887676844989768,2.599121346794627,23.628760615001852,40.0,13.238034712556425,0.0,81.0387360261518
0.4138578526886099,0.18239239847529723,0.0,0.9549137738229844,0.862891097024333,2.3967756733438903,24.0177999295782,40.0,18.017745393685875,1.5120304439851415,70.60922292584462
0.5804611983275215,0.25040278924437726,0.17050764502566637,0.8005712910753844,0.37848580961958067,3.6553433689539516,26.926445024134857,5.488063213689577,16.385395036215385,40.0,75.08936471201878
0.8094869016983952,0.24579057826781037,0.7649758450095211,1.7606502390799437,0.3763966475903829,0.0,5.884657319166565,40.0,40.0,40.0,73.51116706767935
0.7113380851529856,0.22253687823042262,0.09332478797825308,1.024553789656306,0.32459545870168216,0.0,25.740632036327202,40.0,8.453817586561538,0.0,79.17636109951985
0.8094869016983952,0.2081475169374079,0.8685973807821755,0.9539876578990661,0.4535566968190582,3.8937880758147467,5.704875759865454,40.0,29.353353685009974,40.0,82.22843182884166
0.6821362890105006,0.30663828713117314,0.6558790061415918,1.6376482449223246,1.1988485762915784,6.283185307179586,24.540702789619537,0.0,29.924003189456393,40.0,78.60939018858136
0.8076213331676851,0.1707030323950853,0.5443889318484231,1.1149930317354033,0.12141213578499734,5.878259424280874,28.405714824469776,40.0,15.103794967395846,33.760293630655,63.85862447885397
0.5699691007295034,0.1603943912949876,0.08345905177508399,0.6491257461301047,0.10209758467224851,6.283185307179586,28.642755067757978,1.0848669036257865,31.066023605545716,38.992146989742665,56.26825588793042
0.5653140832758139,0.22374634275143498,0.0,1.2475202565039654,0.7522096596066641,0.0,16.851034477721953,40.0,36.36788315013536,26.574014273572715,82.86730964189738
0.6966705817267874,0.2224621099041493,1.6774824008926321,0.6334972235677765,0.42745921555160976,0.0,4.2297951090283386,40.0,36.60351512163502,0.0,77.33926891784111
0.5208713004022201,0.23189678841849093,0.0,0.7187187046085727,0.5676750211437834,6.283185307179586,30.60643592587912,3.3300514494220446,39.64051771273522,19.192747950417886,82.80914779754126
0.6273848549063006,0.22142861521590493,0.0,1.6041356048219009,0.7408784901557696,6.283185307179586,4.573216365742607,0.0,15.069877918138861,0.0,80.30112457404955
0.8094869016983952,0.17989318189457582,0.7218106366235396,0.8731770931094739,0.531274406036381,6.283185307179586,23.261133858709005,0.0,16.74207141518713,0.0,83.11197225908289
0.7563556788961807,0.19296317544233096,1.1897321203228233,1.3052771929432034,0.46960539767794157,0.0,10.088245123881805,40.0,26.40803934838763,0.0,86.15212325146206
0.8094869016983952,0.24557811670225985,0.09405569186520013,0.9421603155007053,1.0194882621467534,0.0,5.016726294303881,40.0,17.991400640140988,40.0,75.91677059544547
0.521161775876088,0.2950836756550031,0.4461983844876495,1.2225576628221235,1.009692016873697,6.283185307179586,28.425477554826802,0.0,28.29648310443534,0.0,80.13848981255482
0.6924729073583278,0.1681678069044611,0.021208268704939023,0.7828716140191525,0.3696528465590478,6.283185307179586,26.9688458906046,0.0,31.193212183749253,0.0,84.75855787433328
0.7614862041729796,0.2486463699323971,0.0,1.0548968916753079,0.8259286504572774,6.283185307179586,26.182318381237838,40.0,30.976466820267493,38.81829240146176,82.07324017395162
0.8094869016983952,0.21460299708071476,2.0032668745465343,0.5974028675033589,0.2572312100452823,0.0,5.975910958899204,0.0,38.9380262234899,40.0,75.39470243983975
0.6124162039931791,0.2309566544342266,0.0,1.058308373700184,0.7029971208526988,6.283185307179586,32.13367211343768,0.0,33.60084673333968,40.0,85.13065015727969
0.7512535176677437,0.1530490553814397,0.151345333747057,0.893035342267986,0.5726327621643622,0.04442826507436516,23.630482637658957,0.0,34.75336765297201,0.0,76.35684723125863
0.4561659582111765,0.2599900609389477,0.0,0.5536604330145634,0.580394199292434,6.283185307179586,32.96473282157469,0.0,30.464582399773874,40.0,76.87989397864807
0.6884798768882039,0.22063042497296767,0.16089378555162562,1.0615573909922416,0.670358028107332,0.0,6.2831725671040095,40.0,22.36882529942441,40.0,85.2434141935382
0.8094869016983952,0.2068540304861747,0.0,2.0,0.8696185899057817,0.0,6.182747741871215,40.0,7.517582501913641,40.0,75.5865647731445
0.6405289454476698,0.40882917527340973,0.077272132884561,1.5265334247909084,1.6713628775401759,0.0,34.84508998316803,0.0,22.219983375774625,0.0,75.69730931936205
0.6582546683974002,0.22469767915591302,0.7233846669402462,1.262444637684032,0.7138950538519194,6.283185307179586,21.711064577767623,23.370729963502338,26.678519699298192,40.0,84.84321845069563
0.4879571363206954,0.24597116861762686,0.0,1.4004525704292523,0.8675394186850551,6.283185307179586,30.848440512980048,0.0,38.54200656339306,40.0,76.57691092750386
0.8094869016983952,0.2892645672463117,0.0,2.0,1.1026682287003913,6.283185307179586,6.054055884265642,0.0,0.0,40.0,0.9871718967180985
0.6526489676946431,0.22391705930898315,0.822061953104533,1.2838534475683605,0.5474711320717499,6.283185307179586,6.141802623133974,0.0,35.05576687262465,40.0,83.5700358389386
0.7166542873440521,0.2799223175322176,0.0874583847708807,1.3143359973809903,1.0400075059560363,2.59438517087318,23.78896550010866,7.445554112845548,37.735934262582006,17.035868550634618,82.03453399246747
0.644297880103718,0.18139696400800326,0.0,1.0069171587274433,0.4566352920192472,3.9065046424384695,23.352958835841267,40.0,24.31317608426966,22.35993347862977,86.4193269248687
0.795061723642085,0.2146702593559618,1.2062244739679742,1.0763117407549223,0.44518955781952013,6.283185307179586,5.930483339705925,40.0,40.0,40.0,82.2106432826919
0.7110295240498983,0.1889317889336539,0.984921285632575,1.6535376212084445,0.41172971321712637,0.0,24.920474952432897,40.0,7.6762072563062205,0.0,82.25056565814332
0.6280219655050131,0.21125620982752485,0.0,0.5445485575897394,0.5795798591278071,0.0,25.924172675095217,40.0,20.588190767352348,40.0,81.5966849041326
0.8094869016983952,0.23040307137091137,1.7011090889730134,0.9850095919647734,0.32786602143932536,0.0,9.550675628456034,40.0,24.917549562222074,28.113880359503298,75.9110435259266
0.8094869016983952,0.22329609382298646,1.3151263133074123,1.599822526484092,0.5996277277242332,0.0,17.055327500247465,40.0,22.03675758533415,40.0,84.49980476226894
0.6733220895021748,0.17979874301051918,0.42821596278015633,1.0511313413544483,0.4609604272670608,6.283185307179586,11.800365676995916,40.0,40.0,40.0,86.31664065179704
0.8094869016983952,0.3571292330913938,0.44553970545405014,2.0,1.3726213345452172,1.2830778674682375,27.346298640669538,30.78378121187456,35.784719944794816,40.0,76.99226641879662
0.5690308078533867,0.25892159888884986,0.07961565996321356,1.33663702362588,0.8457483257689329,6.283185307179586,25.179926250078104,0.0,21.407000457174057,40.0,81.46142516571823
0.8094869016983952,0.1888962387525762,0.0,2.0,1.1735760825090116,0.0,3.9214961852069146,0.0,12.791775531776977,40.0,58.26749705405522
0.5429785532608392,0.260592972947431,0.3088548685081702,0.7636691713484642,1.042772224601626,0.0,24.876854959985636,40.0,24.38077589538267,40.0,80.73772266520857
0.8094869016983952,0.24839063585412244,1.0427073650454588,1.338348841322775,0.9613239892345266,3.9614593713738726,22.312248600421185,40.0,35.763959385907505,40.0,81.64601571254848
0.4242130406239303,0.2065340524015843,0.0,1.160389979071112,0.5423764498089897,5.147780664030627,20.63994459636294,40.0,26.76093210812322,0.0,78.23357665026373
0.6019933330667745,0.1836843848661863,0.5661934246757929,0.9566896548200658,0.3414447716633524,3.906204504613854,26.933688876670175,13.940318574941479,25.06960586206155,40.0,85.58125882176164
0.526927512494449,0.24122025645036432,0.2372130455616337,0.7525499664235346,0.7606857191765963,2.338540972169477,27.44513121603554,0.0,30.319497727351173,40.0,84.24840613764475
0.4898005084083969,0.19013702578168248,0.7546277036954702,1.1036574012202323,0.34523557420169937,6.283185307179586,28.608613282636796,40.0,31.95453085986509,40.0,81.53723783020942
0.6792519947195946,0.19319658604216663,0.7655882689123881,1.1012949724355854,0.42845534826832404,2.6927052264324716,9.086690069656713,24.982014622276377,31.113638357369553,40.0,85.92979393397101
0.79184561105782,0.19536448858682195,0.6293835922577031,1.1988136391971962,0.5458900904974716,0.0,19.863800902154058,40.0,24.09542633670052,40.0,86.09740815859989
0.7853595001079317,0.42338313243834835,0.44587155404366746,1.8037588025138391,1.7533371372595807,6.283185307179586,36.15860476093802,40.0,24.0360955765758,40.0,75.46267648819874
0.7336399245190559,0.18052722564685014,1.0054343902675082,1.297726332208963,0.44268719762993286,0.0,21.364545636506183,40.0,8.613127522635512,0.0,85.93743551343884
0.8094869016983952,0.24446849535996912,0.0,2.0,0.8460451278276123,0.0,5.849970339144016,0.0,23.032892790546825,40.0,80.6716590946069
0.8094869016983952,0.2735049557090204,0.9071242859499066,0.4600241756095446,0.39504667986706893,0.0,8.80924398693639,40.0,30.301826296516523,40.0,66.05052763224427
0.7610495347561805,0.19315368646912645,0.738262914010174,1.2321257929859346,0.6134210771890237,2.8840277794739624,7.7712946112838175,40.0,28.503791127201445,40.0,85.21298949609137
0.7645449509865843,0.14388151960550238,0.3770486253206501,0.6923133858556527,0.3235115815927352,0.0,24.878742777178935,40.0,8.701010295827075,0.0,79.45967095304235
0.8094869016983952,0.3100810782385433,0.7115560613006395,1.5014773471942175,1.1294352512209607,0.0,26.297645870605546,0.0,18.542679229858575,0.0,80.90521064549402
0.5718895013745403,0.195169640150875,0.6612881381435048,0.702773909532499,0.4416742064590554,6.283185307179586,27.780941657121474,40.0,24.00282214919143,40.0,85.27510679269396
0.5362485247940738,0.22409770312149901,0.0,0.6560672369578668,0.8456255377653967,2.25633400056229,4.52791989577896,0.0,20.6571917207671,32.082338894524455,81.95395301667585
0.8094869016983952,0.21083232753504313,0.0633538226334005,1.6825759491694847,0.4366106838998624,6.283185307179586,5.019904207161561,40.0,36.762240763955695,0.0,82.1052238171097
0.4981625204142291,0.20194796312268967,0.0,0.902319368114915,0.5070253363186848,4.112387931179673,30.260033029811936,0.0,33.02430361560368,0.0,85.48570494074875
0.6314442361110157,0.18844520950872512,0.7601833606483347,1.1578219214865728,0.45590786011312684,0.0,23.690573001120214,40.0,14.383892281477477,0.0,85.83890227321747
0.343207692553928,0.1962035423792599,0.0,0.9360450784770546,0.5561062718024119,6.283185307179586,33.676319821732456,0.0,33.350141906034175,0.0,76.60402055747434
