Ωl0,Ωl1,phase1,ω0,ω1,φ1,ton0,ton1,toff0,toff1,nphotons
0.012885827013710988,0.0025871346959055585,1.4942460769089059,3.504747583225871,2.9374461246898322,2.5656554284610227,2.505330496590099,4.005520486754562,0.36376460602437577,3.6783518941566062,4.047530843522858
2.7760329144813385,0.004952686543256563,1.5499665141705623,0.6417167482651003,1.5209252765336014,1.7126549095722607,3.1264956182252344,1.9326745703088635,0.6892577409736631,3.1623021110841796,4.961603104892328
0.998399639390857,1.6525764854784446,1.629512110092116,2.7856771961348894,3.092399697578661,2.5964901061009735,3.282600224652092,2.8408696024495765,1.8085207115167514,0.17781244033899846,13.330453870675914
0.26825604759836263,0.8595502904818071,1.181714472477712,1.7858164877676534,2.466467546015763,3.6306941108270006,2.4596991564835258,2.7078894721205713,3.9710922356178115,2.71349429978079,13.863581059917776
2.657093773866536,1.246196879901586,1.6712981353083325,2.3993540946372054,0.47821613214794834,1.876550556743308,1.0213731782545616,4.250694728418043,2.1825077617246547,2.3908280179304966,14.250406435868474
1.4129823059629611,3.933980596779906,0.2170237252289292,2.9093492625021895,1.192552610217212,2.6049599100386494,1.057479434663723,2.932274535045704,3.488865821704899,1.2004520318625227,11.603019571071489
0.2256450628516028,1.901173591956781,0.547625256994706,3.0342647498342985,0.9635783278620982,0.1250664748887408,0.3641527341387749,2.344221715666574,2.68241833958137,2.334635109769344,14.038035867547162
2.6382552479823755,3.853002859686534,4.354504646619549,0.4262282323304023,1.850659816244867,4.040727928260958,1.3326857646323371,0.23606122090778792,2.9332282902494025,2.5076715402949716,5.300628994113667
0.9388314356478038,2.4664878570583637,1.1361054591139124,1.3690391352789661,0.8310501874785663,1.2073182502671276,3.344539897972444,0.5080273340289185,0.5423911350387569,1.5908027339156685,13.881279910693042
3.666192153348721,3.7486900880968492,0.27661755322557513,3.3633629833073817,3.6236178722521117,0.6103916539997338,2.053907351407432,4.9249113825504836,1.309853206600451,1.2509165365379875,12.750134788913176
0.5372894512396171,0.9079689816669521,2.418728674523629,1.6590668553546677,2.159624637154414,1.204019410068122,1.684141872101153,1.9728192287951163,4.674143015387088,0.884223113641398,13.628834495485405
1.8262215227188403,0.348991367686487,4.441427498104909,3.9448142290745096,1.0472720733431338,3.3784593443066164,1.1959021695121925,4.78776214617813,1.659504192676439,1.0645210186083127,15.175115087141647
1.0361219257974896,1.6723181808869427,1.8290991000367742,0.4204380831314545,2.6814937272364197,1.019368801826356,0.7696870679453152,2.88354798362688,3.4895817209334665,3.5736168815300333,15.896092518122831
1.0002628608994175,2.4681012570825005,3.842090572140351,1.3634843056787824,1.5569722994628228,0.35659487140623825,0.7024971949297538,1.5135458276174527,4.2988673641005235,4.672716228500851,4.922475809538177
0.2434375869012564,3.181844778853736,2.1942220632064755,2.4707166552594537,3.9719255390561976,4.840029605419617,3.832389371396,0.32770623909249363,1.803970367162326,2.67535942601288,3.940618786475605
3.2567336929453434,3.688236003986749,4.135743479580001,3.1903392396233365,1.150568377087796,2.250065317162857,2.225828474596936,2.545190083587891,4.6548903678820075,3.148885533365574,3.6930164831424057
1.631649443218636,0.9413735072968086,1.984944698209667,3.2281510583999062,3.51594408393401,2.417285016245999,3.252706707897267e-05,2.9886542774726435,2.6519836043359715,4.2586516207858605,15.975008751257471
2.6676146534944785,2.3182550600599106,2.76805736046151,1.5771004142396037,2.01580786851447,2.8806530483854638,2.342019003776993,0.30822968113945537,3.8002459245091074,2.22106350528586,4.234899314803869
2.9538468773796422,2.8569599661848795,0.052016512501012,3.6481459734705863,1.3942914708003646,4.866030384056448,5.045338869246165,1.2556179463390227,1.2189595665490256,3.3557406189433996,12.920389455332181
2.4253779644873372,0.9629839433516807,2.3873645027552906,2.4683865529877624,2.170318601348092,0.2531252703470934,0.9924127175908919,1.6827212271830665,3.433160189441839,1.0779800017419157,13.424514718417084
2.1707148040964714,3.575141110283028,2.5570043521287977,2.305599646228061,1.4209847223309984,2.6043510350935657,1.1958495698609157,0.14817978890287897,2.0052863245461903,3.8082749187153224,3.7895025517545635
1.5481877119450185,0.7038894644240996,4.082715064396434,3.2287852484310577,1.9061362663585775,2.765011250002967,3.033203591206255,2.064516251902642,2.373766348809606,1.087600674372497,13.381311875072164
2.60214305617493,3.371540448021313,1.47903367084159,1.0763238647209326,1.5050968959038808,1.3074490450034517,4.592364893230288,1.4996422952537072,2.6901675775367293,2.876586992642336,14.103833517067029
0.8795762100945703,2.5623660439764917,0.9935694491635518,3.872993540248117,0.8064461121852275,3.29001648034488,0.43295471588369505,0.05128200880849798,1.9084858632762869,2.844869154471188,3.729895080167444
2.1002835857043363,3.873596538034067,0.6568260454780606,1.350290894846568,1.0889191278766344,4.424354622312807,1.4258741316432668,3.9257555571650564,0.768217543553865,1.5481120152790235,14.588743724157624
0.3281606445653251,0.4195538540806929,4.941825672926486,2.3090387403739583,3.099605237727566,0.6449747069385687,0.8073092802973549,4.527006226406336,2.782957316522005,3.425606189143031,4.817302911404099
2.676013667230105,1.1540199080451459,1.5203203467422497,2.0997918191102936,0.5392057683390772,0.8218895550127748,1.8156322011788717,2.6112747546593438,1.7844854766484395,2.7000049511314486,13.961333294602445
1.6398815428480795,0.24199126753516242,4.11447372440273,1.4506824733237638,1.0632547102644936,2.959637540969811,0.37761554929838614,3.7522741660053214,3.268144346253306,0.3126828002213188,17.557286160824955
0.7548372840025069,0.8546507898573695,0.8844274785498997,1.8033787436713213,1.8298997084371362,2.0567108536404963,1.5310326219993735,4.827696385471486,2.287405694512911,3.180065028430676,12.865298770652716
2.173749750750707,2.1594334508542756,3.3097333048408535,0.4677442663774136,1.5012492834178106,2.441582436948099,1.6795380028502398,3.8282392240448724,3.8691751580092166,6.550066274141583,4.902881916242985
1.6832852851938778,2.6502868082076887,3.6582913952680816,1.9480675458283891,0.6162471749837772,0.017772036752931084,2.079179337434349,0.01111720753520392,2.0014556992141146,3.521332592909755,5.490902566930857
0.7965349527827096,2.0252835541024194,0.6932823181726961,2.765711972911448,0.08142141205619513,2.5931148255911394,2.166543861841401,3.704176025320187,5.481808438092764,1.8844653507483486,13.508800200976076
0.011932005301000614,2.0229832697120123,2.1094568295019296,3.5623003893765155,2.1060088843421694,2.722356529404043,0.13610978047583522,0.21810270655537956,0.7690442600986098,2.6254661478616312,3.740405819646819
1.796809449508515,1.1996760973964786,1.2080262473655636,0.9517059450084866,3.1815651409727885,0.03615358870509789,0.7256410507511086,1.7287269155922305,0.896627091187046,0.6510885836808971,13.794829262038474
1.0279621118895688,1.2606422860466742,1.9492635314840934,1.6879334513943365,0.03460880950535429,1.902945174491034,0.022603405047687153,5.261803439561455,1.229150672872865,4.118987448050859,12.053674154210455
0.18136583998758105,2.136459079798387,0.4841032125465945,4.4762339795011934e-05,3.040410480079334,1.1122080853614378,1.182522407240012,3.020925931673048,1.240677486127105,1.8486028000320491,12.284112285083076
1.523007549583987,2.328011566427876,2.2215046083316587,0.19487122858932326,1.5719582588863117,1.7828343759433163,1.7536174892671037,1.542921912022178,2.5545299676504625,3.6717654597960006,5.518878793419324
1.7467114310473923,0.22492841128440144,0.9573686638271711,2.1423346913384727,1.834119085885312,3.409352405048422,0.25399312409988684,6.616335715040358,2.3178864904468224,3.5761321703888407,20.593951916015257
0.13833999670615915,2.544215377870767,0.31093634596379005,0.7447888852572424,0.9445292994903142,2.4516090526002725,0.29327357026599343,2.602576765646409,4.949417299546065,3.9422406872528386,14.174379781835054
0.8936987593215525,1.3407005085287005,2.003834774661709,2.252902246861498,1.1002212781071765,2.3629941279007465,1.0926215485332815,0.38388453381690235,0.09316987163481072,2.3132977043700436,5.1069616610016695
0.4146420977014148,1.0512751088146652,2.0254481222554204,2.004320847033848,1.5538314228942673,2.5592643727052224,1.8463658123136333,2.6130437169014327,2.070395324459403,0.13595148399833035,15.283594473206676
2.7349893755168195,3.1059093484448463,0.43218805821835593,0.6420093104087992,0.1092907587789066,0.010200862486974414,1.958359100571121,3.3818534734021375,5.168356801426529,3.3673776255504952,15.442453497948282
1.1563264929552828,0.3815534727422414,4.764527399574456,1.9726634486016286,3.233774590462888,5.461342359881931,1.6581253500047526,3.381595575585402,3.1138195466512624,1.1068125820466637,5.547615291702455
2.0059269327745395,3.972926599546122,3.1598126167751985,1.240158565062302,2.09526782452041,1.2328041171987527,0.45494992712937954,3.1194503465319476,1.5257241311513527,1.1083256919588156,12.680804854086212
2.1229065352158787,2.6161192362468935,2.4551634825843505,1.4700137720193194,2.4225375370236977,1.5867117665920702,3.741108050443648,1.0568188673636971,4.940942670841298,1.220543467734692,14.61586322497157
2.26971111306366,2.161250073796832,0.0036013468537272526,2.584264942337683,0.3929693018568734,2.3817902811738056,1.3535002302662296,3.923791098318715,1.8821218282666794,1.2168937850817136,14.130032708062425
0.8676857383103354,3.525178008742075,3.3331264030080856,3.5620985360923476,3.303911369719765,3.4027560973981585,0.5939146627350711,4.339939789933714,3.6529494859346126,1.319347023947596,12.963905335331699
0.679046587471173,1.7495083068452528,2.625276250468755,2.10345606880716,2.207820560261263,4.067614723715408,1.7795671884553028,3.245320362482276,3.933862509996592,3.8983287962237196,13.6411419087234
1.9303363040357588,1.3827739043708085,0.00031181519306746805,3.807159222668007,3.395631527233834,2.2945456770268877,0.3231485661408483,1.6778916460679532,0.2010150523986437,4.20048607344352,12.905020477974938
0.25242581670156694,1.8407153277498955,0.5063217164740945,2.6437026477794476,0.3295016462456206,2.5301295010805425,0.4558760280241754,3.773897300538782,1.570428460578278,5.973198060373028,14.209814946226675
0.1826607624749379,2.0939565855318203,2.6872964351177018,1.5248405805659777,0.3758853275387444,3.971083182400778,1.2314236735237134,1.6495328790648043,1.0676586144186553,0.006937630040462744,14.612589431997197
1.3086118707864471,2.9395145432737193,1.9472980903541965,0.6443067689253037,3.0257866833948714,2.5456809061635606,0.41966841500407226,2.3111128681214326,2.7738611580491,2.019478409176916,13.626713833852323
1.615103073520377,0.29533487239750866,3.1180761298668864,1.7397477451432015,2.2076432437189655,1.5309764644596071,0.15831569418937008,4.240515987718288,2.3201438934360556,1.7059854322504915,20.415917318266292
2.618467229420683,0.7262556163854733,1.2704914283297286,1.5414922364775674,3.7324549671706606,0.9674925409331554,0.1854722536209491,2.6795735432931087,3.7547070165868264,2.2724177047888454,18.059496877470668
2.0503324758205927,2.4680634347866315,2.096910080873031,3.9956400983266005,0.7626002981172149,1.248450391265761,2.0772226792032997,3.255777100950287,3.5721605585937937,2.6443403525204796,13.453568615034028
2.025160153108586,1.152990968357084,0.34476037717597463,2.467087493902424,0.5500562218151377,4.625162665095089,0.8423244420226581,5.475867309587304,2.831141743937558,1.060352862906466,13.519917076771701
1.9639811701148728,2.5231279381503833,2.552671238039454,1.6921159357368647,0.041371052866777704,3.4267715823169738,1.5020097958407503,3.9930448691428966,2.4099486380951127,2.2807604428993344,12.433650815801661
1.8600789944702951,0.9528302261589447,1.3572797711775868,1.4045106146777773,0.005969468942917915,1.2872557662266808,1.8766766368301093,3.343881417262506,3.38232072681195,1.7134095037114072,7.91938897667174
1.4274804706587496,0.30487610140648547,2.5919346615407903,0.41783380506873424,0.43363164084165984,1.6005108195730648,1.7522370585783085,4.385678029285991,0.19773899545215023,1.9716535693576103,17.542277696282472
1.5972344933357343,0.8932311046265307,0.22938494344827243,2.4973852303714983,0.12978107416133422,2.94885260816612,1.8765927718890452,4.764178563591798,4.564536366957439,3.9430963730855186,15.594859586587202
1.4503048388155166,0.4916453798728433,0.5193136095866919,2.9974915234386064,2.0538847236602624,1.0379497697360323,1.0962799318915446,6.804423758131145,3.464980054355448,3.6356532136020294,15.499506232709006
1.535441924440284,1.6214309910224847,5.159235534780954,3.98826913822041,0.531605366060444,3.413810873158454,1.9055052781569028,4.734015578746197,2.701058535421159,1.5683935923860381,4.108079108223919
0.0493332663214551,2.9637352794755127,2.4182811103778734,3.2671522662096124,0.7711009206600696,1.95078507352069,0.7461299207065692,5.046746508044084,3.27661884003293,0.4857200733933644,15.656131331851043
2.701694343884956,1.8005475334858148,0.004409476278271208,2.6139617711338,2.2109040311805392,1.6261978985234795,0.4070474661816219,4.71995561474468,2.867977795943202,3.3385451656235627,13.085345970384662
0.9089026161619218,1.3825766353654558,0.5138048928004736,3.425648942962925,0.7572041970849748,4.565664108483416,1.8115966771600127,7.219246792323596,2.952830283942715,2.587295521620887,15.31455480732272
1.576588119623234,1.4848140611634222,2.5361272899352834,0.863349630094052,1.365800412312613,4.2881285408740375,0.07209508214269586,3.0494197293430427,2.7831828049723777,1.043179099810525,14.731687570468699
1.8133151650356276,0.5898565154666454,0.15629948396636806,1.5427747972162076,3.3793108887833943,0.3962421948698812,0.4494211838901775,1.6595903786883612,6.605186675984907,0.14158192041281492,18.604520366908364
1.9470186943885035,0.20397947113110548,0.020235043488849632,2.4084989416188454,1.5376012626329376,1.267613029224647,1.1394674207307118,2.2851004256292264,3.917329614866157,2.8866002660962216,20.731180662370157
1.2515453597171633,1.5139105651270586,6.056558156353829,2.794802624000977,2.5692237634436674,1.8901561888990952,1.2245932496909635,4.254703475561278,3.478914656891485,0.6681475225098259,3.691029345240394
0.6639247029083304,1.6141119950919114,4.23364628202134,2.8484196453136668,0.1791466066872962,0.6981052735663142,0.9487311892337474,5.305155402604796,1.8907833975896255,3.6229963229879463,3.9197577729883357
0.8199402601467292,0.011489604444020153,0.00039675567882611505,0.995176170821871,0.6394776596301178,3.603076305910542,1.3792413874861575,4.3038123565488835,2.2970719942752202,4.519261672378597,5.584740702754357
0.2844485845443101,0.44145688082460477,1.8711904934554953,1.7935267861914257,0.7492841069237517,2.2466415569892,0.7081692802913604,3.2137084828042917,1.1918580328335393,2.509115972302878,15.567766145638712
1.8895389387289814,1.7026940858798132,0.5096063588983235,3.5837438705450264,1.8948700586455491,3.5101404527171525,1.0628555788719216,3.197942368744541,2.7642867161540146,1.7707326528705571,13.834862865769383
0.7521525127544797,1.6129417653347724,1.4316945855746066,0.9367597675110022,0.9874064863442886,0.04212946542811329,0.8057496998333323,1.9899378447730536,2.5401195522986395,2.782508077800772,14.617253090209516
1.2721303936615553,3.2907463983671326,3.2287501452971403,0.9365223990548749,1.9097945658032138,1.8670582410131598,0.9930517514532823,3.7450901037441535,3.224115844047481,6.190932906478121,4.191009010028566
1.176502987185216,0.7944064140859514,2.8186957909462413,1.311626372431252,0.26638383255195197,1.4251143996343254,1.2612168327638764,2.2880621179625,2.224279112846016,0.6656151477239316,15.493648610963676
2.6773395286864226,0.36187725319491604,0.6884090691193339,2.766694732361471,1.56775426306635,1.2333969192173315,3.0072355470349077,3.2073919820262424,3.520815484921796,2.035512849069813,15.894772607591612
0.6894816717303698,1.3078632916288915,0.37958783568638044,2.573391130763799,0.17240445090341727,0.15471295520292594,1.68233846959967,3.554828726238593,1.9152788289195837,3.9650601618206904,16.388681935148508
0.3216515412315495,1.4674609851125777,1.1092318516181188,0.39594894041654527,0.5053295790006855,1.7265865169247658,1.0075680281717796,8.09376518966165,3.4893026592354257,4.060731398278531,16.086068168806083
3.1969554021872684,1.2263313919193746,1.8711797130647132,1.203154095045532,2.93187315438629,1.3716489337926623,1.360457837101688,1.595512964932884,3.8312388699212674,3.0694983655540886,13.090627146321365
2.091408846300982,1.093915473667141,1.8877024241210494,1.314685855185633,1.3279636103578267,0.697159069543455,2.104178295431747,3.009781886766446,4.797517902351425,3.8696032350933813,13.99831152580436
2.823570451950274,0.7458513906469949,1.6966018361416197,1.989803031164282,1.189584227053266,0.6753712104165207,1.0499926523978267,4.960728531309899,4.324874784441733,3.264099638330974,15.119209830047666
3.486893772119609,0.6935946030132276,0.5646758994119496,2.499354850996214,2.4087660575024867,1.405871253056167,1.8404054566091739,2.5722777530833136,2.6994832285051054,2.044923617307057,14.622028135041635
3.48919814655258,0.2657589891548924,4.183669198351703,2.4282494236753616,1.2670387480337406,2.7736498271273264,1.4687070705119565,1.2616788693017864,6.643912176104788,2.021009406319053,4.392561731097555
0.2203978226537141,0.28735540904900747,0.27640807441635296,0.37652212481715364,2.512913614720574,0.005344468805417921,2.679502903498198,4.580173669388537,0.2091078329001742,5.042821123731334,20.537105110820125
3.281423152435456,0.0932942357837439,2.681779210472139,1.6695907485993011,0.029207079314700773,3.0920172644372172,3.5956919163598604,1.4741227299593243,5.351826247749579,0.6740599408034986,13.658150711396544
1.8068936956828103,0.13128568104193666,0.5726571055777432,2.615315168663123,1.2672324922929898,1.9640474877008685,0.6764727258327891,1.0600120636726644,3.2250123733270555,2.34714982210613,20.709736482053422
3.997272077976492,1.4804689308378096,0.9730205226450694,2.678611028949233,1.9423543739457683,0.6171504393807187,2.605036456865715,3.9361561152972406,3.5000874032333247,1.3236757254718439,13.13958071196439
3.527849588559577,0.48684165613651065,0.7781086091304891,3.464977167485449,1.9297807256427157,0.3391316837566243,1.518399998838076,4.077317997588846,3.381489126764775,0.6417320727606386,15.070948312105733
2.654576308276529,0.4729394615989323,0.6803275066141166,1.4781157173382335,0.9142663595161364,1.84141289754111,1.50467669677432,4.037779168200767,1.8948600071768633,2.1187297301346835,14.691771217323197
0.24602928557961823,2.725621085043351,1.438641896427514,0.60805334763069,1.8081343454552319,3.057825558901772,0.7449472103488926,4.682272983678838,2.0582370937291197,2.0998231340558986,14.51359508927634
0.7556728541287951,0.8693210849052546,2.0666492669077696,3.774623075124036,0.3115329654656327,1.2102527205026363,2.181800270608486,1.7712467001458085,3.01667551286375,3.2124457779447315,16.0492225075955
2.824577879225755,0.44487286264367215,0.43934524856670853,1.96385378814777,0.27379890559327436,0.6617004354811383,0.1470527180245279,5.232639727124273,3.9897739160290624,1.1455584270374084,16.12474829965856
3.989048437042094,0.8269342444279689,6.246107692079993,0.3195048847978501,2.3369362346436553,4.339976585296084,1.761892196099309,2.201051947584795,3.3775361347055797,2.7294966246497516,5.231634495262046
0.971296844041884,2.0877843071722504,1.0685404302733967,3.0855366820121337,0.13336998389147192,1.763767839472731,1.5699519631041257,2.8372834648981096,2.716474813803657,0.31275225553422037,15.31805920422376
2.7905736197671267,0.5405539154633624,1.1916827188653314,1.8915307007104745,1.3623929372591868,1.5131421411511732,2.2815638228866284,4.356168231411838,4.377911157103516,3.0453866963457337,13.518745167099423
1.6116713753657566,0.3349853487412496,0.9934856457124028,1.7219612791090317,0.35090189855976794,1.7676500303916436,0.4877100882234687,6.122855289921187,2.94865368067396,0.10246756235952004,15.866328893724779
1.6974389049237848,0.07782744097565947,0.6512009236272583,0.858507891766219,2.153006971397832,2.6729396930243716,0.6144030087181793,3.2005771828543965,1.0546987531461318,3.860920889038477,13.880489199998646
0.8832299597025195,2.2275445848836366,1.8096232040873923,2.3180418047002904,2.8576956701022933,0.46925825833100826,2.5252378483640525,4.821266370800532,3.8465193722889977,2.599441162637667,13.140607893694826
2.8365342065162955,0.004521974449259158,0.6900531647060397,0.8192702062794606,0.10606352451074463,0.7856581159548323,3.6858221777769145,3.4197546932823344,4.394266368958944,2.0628988275947187,4.8529992249404215
0.17128624204193088,0.4091631396591867,0.8417931077693643,2.6296738796184127,0.517463646412283,1.4996493232618797,0.34514398701432114,2.0369275837856673,5.155899386859472,3.6760018844236435,15.82123720443449
3.472124225501219e-06,1.8913173723460144,2.505381658621051,1.9551878980380408,0.6703779598869527,0.7767681235823602,1.9381164850158294,4.800918105892165,4.382179024388058,2.9439919262957646,12.110701271700476
1.8551746217607064,1.5892070877064026,0.06093174803579218,2.8923776650343904,0.5790191169401995,0.7096113113561133,0.6190921701741763,7.048456157564688,2.3488972232995002,2.060944163464868,14.093260614176474
1.7000392395711297,1.179003414972616,0.19531808955436653,2.582694390232878,1.5763876859217056,1.1756913829959832,0.6235356512261616,3.26522568144031,1.905675457742392,1.7140719009139858,14.810632902029322
1.5181598129285505,0.45656205509753944,0.2729238394045701,0.12394689232235867,0.17985716700788756,1.5270150443895716,1.0012983130124036,2.7511062099076593,1.6296223949354012,0.6446642242776943,17.74167011782396
1.3444874213473446,0.6101478800779677,2.8144243222632634,1.9092524440891439,0.9251577335826686,3.4428074722207676,0.33601318142229986,3.230079163099793,4.28447002813442,3.4147007518460333,15.368485054865362
1.4135638221133693,1.3819657953442517,2.280084568064192,2.186742694447224,0.01563737319895935,1.9030494189248928,1.605631303445349,6.595736925012984,5.036057962048407,1.9140262571197373,9.131770296032537
0.9215172504975402,0.9102026286479368,2.684005237533287,3.545560810589288,0.13741956020393087,1.7446245167289227,0.8852858440548624,4.550722913985306,1.568307889794895,2.6474201573397513,16.490076325739967
2.716759033427647,0.3379237441799139,0.8690194094906993,2.8354820823553397,1.2082357706715419,3.7258997483289953,2.5349945171103903,5.416706196604953,1.168111699275973,5.8552442108843525,14.699164404133342
0.48980677964461916,0.009648348976858987,1.5974817559822059,2.319075450875676,0.3092770247330029,0.38284489282745066,0.4336912619551153,2.3356311300038533,0.573672534504186,3.5295607115207877,5.876674608386449
1.3532446841712082,0.8987410350697433,0.5122772954033328,0.00030733227347084927,3.0835112163299683,0.1795647362105443,1.3795478545004474,4.730420304556143,2.128760108125998,0.01547675454786661,13.59974969740782
0.05077428858192279,0.4444961627250345,0.038776191478003215,0.995402427432037,0.05081733679200484,0.8620136282985,0.08247949284708189,5.683627974159551,1.791029993791372,5.628578588484078,13.129254560297968
2.7678423413199233,1.8270526304262877,0.3207736160360444,3.679259171630583,2.646627382841977,4.628741260748303,1.2296679310899616,0.7462532676841716,4.300205919115635,3.331394258919862,14.07252507208058
1.3055006785073233,0.7670028887459168,0.22151060999672278,1.4336166856186898,0.3575293418303799,1.8383966251133967,1.5208021353515528,3.2916623595972374,2.2435285347292773,4.8712269148944705,15.327531912652177
3.9680826436890015,0.09304848492592394,3.645561302014504,3.1277844564045836,0.22557342442423411,1.627307084543328,0.4265168844922095,4.00403991281961,2.1975640146741764,2.507711430029495,20.59632204291672
2.077346268578872,0.6680492140467804,1.0716217662109397,0.8211938940350784,0.30603989779813134,1.7539196335887839,0.7821550484754982,3.099538625691102,5.536128582996409,1.604549376854717,15.456667000180397
1.734870498859399,2.2252149355516373,2.9325443306620134,3.7175796617071932,2.3976770166705954,0.09272527742278983,3.841334856539171,4.769862255642524,0.8670785129217138,2.821856611680944,13.316217788128919
3.976969504235485,0.5986967908643346,0.33503939506451014,3.3569007494066874,0.01299253447111971,0.31641952088322844,1.2937547474463384,5.6573900751110315,1.44851605150713,6.95242951201441,10.024684889800609
3.0479377491115036,0.0023877801610356496,1.8282229429186099,2.849138541737757,0.08206272551928628,0.002507658040516693,0.08611821487616733,2.7173202153460894,4.0613523084823555,0.0013120242784743724,4.611667422208005
3.6656462045792884,0.3602924868149529,1.9749245193590586,1.2983938703787268,1.3245873882491086,3.631841211831435,0.017401731438398318,2.1475929461812755,3.505494723271122,2.734552621071548,15.565281802447696
1.0194584374520552,1.6804571330026508,1.5301010354378017,3.9991031189112847,1.1554669670423587,1.6350406991302848,1.443663677140953,2.524987227855246,1.3044823745320453,0.7159116810988362,13.286786193410759
1.4113765638985494,0.1383932312316134,1.162833763997699,1.4179466853720637,1.5968758815590327,1.2182791941895703,1.244899143025469,5.279377799817189,5.4544421020563085,3.859533360006031,20.38037964741145
3.215532972373637,2.2308930735724144,0.983496992642795,3.9990706347658813,2.115401018093193,3.6136296719949463,0.5839575730353594,1.9744851490273811,1.53270126687887,2.556989678858753,13.602701927253959
1.2896327880815022,1.5036194664293223,1.0064387902532579,0.8860784024602301,3.311715485800149,2.4091529723280134,1.4898274903530542,4.359247748309469,0.47404525917332974,2.9308961482791456,13.492705773769174
0.2844189268041807,0.6838529278129987,2.503226753178875,3.4880096867439025,1.1394814361819696,2.013091686154245,2.701599077241699,5.285540172329467,1.3922167073231335,1.6918117146224183,15.556047437744668
1.1520222896687764,0.8588369530778888,0.11272305002989125,2.652577024534647,2.486534970201971,2.692425633902046,0.9637841345706515,4.85983504109433,1.2710941401622744,2.4040161389032937,13.473263252652501
3.6397755134724856,0.3007739537660023,2.167632081829279,3.8592650620769486,2.408616096177236,0.7992690795018528,0.007383184890323871,4.329088719786229,0.8151936528460113,8.670120623251123,3.6879612684578422
2.747814846045124,0.9978909200688433,0.4565514473094012,2.1635636428219582,0.0019000567180648478,1.6230843300273734,0.47017191259178714,1.3302320252224455,5.495789834843179,3.030384128407652,6.250224147471077
1.8138254435728147,2.6103313110653046,1.4883521772347648,1.5188148198467384,1.0257876438504825,4.96387642477145,0.758922980693697,3.2712561080476115,3.7647680834022603,1.8937349447815839,13.973899430032414
1.9045588494877275,0.19594606921305574,4.4708367113968706,2.263903035453273,1.2485106181326326,0.6106715627153348,1.1737769985029909,3.1288492046784495,4.9207257532209745,0.6956895586705039,20.164077118566304
1.518424239546449,0.203875296976055,3.2261700106047515,0.9205014160728937,1.3751098552887644,1.1195817083864426,2.2928280161414096,4.77175698893391,0.7826824602601641,0.4861293879739039,20.680407705341352
3.219532191068441,0.5181044169931428,2.483098632866453,0.47872479195304707,0.8692884876633344,4.06527073962018,0.6977810744077946,4.620777246292291,1.7420520934699912,4.490122421678584,16.832136871762163
2.854785174291568,1.178503604775277,1.1667516707108194,1.3663005276397593,1.8586899159152084,0.15824542668070563,1.2382904996594142,3.8807594171174578,2.6611969063496312,1.605449007648655,15.352783005444126
0.2081797884422294,0.0065083943112897655,1.1251831630485691,2.215719352051171,0.7063009692312786,3.045301446280523,2.867982947756173,5.466538597129825,7.557994280122175,1.2661143696694317,4.7282423965534095
1.2954427129337494,0.8694920655502842,2.798319348184485,3.9741091493110927,2.205476266413399,5.581340368727467,3.7422222329992256,2.98493336463853,1.7885149309263093,3.5782735592974833,13.817492235195957
0.6491148129132105,1.508936826707282,1.160465821550963,3.237041353672689,0.14865032980960352,1.2641481222373572,0.1675246249717576,2.5652358905518273,4.582987278492135,3.6521700985518715,16.324389433942137
0.9444346703917164,0.6606810404561851,2.734978870870877,1.5341245649317967,0.639290273992856,0.8552626784256813,2.7824114282098527,0.9619208651496911,4.881793291152139,1.9572682516467983,3.5553061284407566
1.0398607705302354,0.2790167985442595,1.8655500971617536,2.571671530360757,1.2570162383268983,0.15647768899215575,0.316559918206557,1.6497130310215287,2.9194296930385315,0.9080654921095463,17.25305160490084
1.4775346433423646,0.7385174500557998,0.9676158667589849,0.4408742910810186,3.6307651672828185,2.696879249263059,0.026232520257270943,7.307771716829257,1.9728196180723776,4.651147657680324,18.318102041988183
1.9512112565843358,0.33109869626945854,0.5312036235296027,0.937197130416066,0.34040525642074215,3.7870347481010658,0.14593996316216623,3.967053045660721,3.1798106639988,3.549817965608539,15.875048287608537
0.7097063706033597,0.3328324352573784,0.06691712041004746,3.6939476262411834,0.0444404169980016,1.5535867962278063,2.376011550927273,2.364802741944684,2.830984984385272,4.016519274849768,13.925791292439646
2.736208874010872,0.30276549271040065,1.9402365176332106,1.4447678169032572,1.1090455697852926,0.0004891810441036609,0.10942820257969743,0.8500312362849844,0.13001487468982598,1.9227744498046884,4.05203446875981
1.0275153633529506,0.006308214184865031,0.8095454004052343,3.0004295897473683,0.3946459393212831,0.8803657970323799,1.0961981680307447,2.238142543666319,4.5597766610404,0.5417984000078293,4.808854127782245
3.998999048527435,0.2500771408431073,0.013224358058141563,3.6155577738291593,2.060847972505651,0.24118789845369987,2.031624597810733,4.778679885303081,5.102145977397938,2.042404686100308,20.521478831378573
1.223894221084872,0.9708900510026697,0.8591120394188055,2.3347730188082814,0.41197420838337184,2.2927714110887627,0.36536235635137443,5.365907644561292,7.1587549399722255,5.065846105428417,16.262658865654323
3.8527086011302036,0.5568502168549329,2.6347795957280296,1.541732581355377,0.6273799549040514,0.80004275112559,1.5481160572353614,3.0959906871197607,4.191369079840852,3.891589036576896,14.954482546875067
0.2866849333079202,1.1502630494686081,1.1097688851646321,3.963287613493275,0.9134380918181029,3.0426832094593497,1.5097047128017524,4.805374263250241,4.271700838397898,2.4921927839710554,15.508350745074257
1.9115028003796792,0.17380098212831255,0.5413101078867948,2.766940892640509,0.9476465969739181,1.1010407529623936,0.5015207770190246,4.897956343820692,2.3251055356234724,4.870006102991443,19.693109203681985
0.4403752042793393,0.15304340614878287,0.4248511374059274,2.6059187205876895,0.5796607801968031,0.05564766633306459,1.2827823906202886,0.8893869843460069,3.0318382448081316,2.2355191546885296,19.244743555694594
3.46913377808002,2.388313707074759,4.807152229554475,3.8202769037061355,0.7858122117847891,3.330603081969213,1.0302111040367197,4.4772066833909525,2.292224841540108,1.7286611927195206,4.874831333550193
1.6808597333721909,0.7455192451836705,2.4041412615221995,1.3735239709544331,0.8649703481881439,0.009194044255926778,0.27539685101890155,5.923949791705048,2.1255012194594225,3.3450437256000334,13.491958347605236
0.3482401838800071,0.4430484446606571,3.18812771713327,2.5935351989444544,1.2576025916554803,1.2621642382543614,1.1546486453995302,3.9672079004174243,3.0209363659553383,2.4140959096818997,14.597057427678497
1.7018125807685982,1.0310214742821484,4.340414242547139,3.7939997936748306,2.0363802377035127,0.15597974626182942,0.8233389707646535,2.541234770647595,2.044771121015699,3.5184559447646673,3.658790165160909
0.8079680377383602,1.1071889240552462,0.9973470024241285,2.3052834405258857,0.5230626622103115,4.7001879268156195,1.2431088821450187,4.870704410263164,2.5743172341100924,3.049410807984468,14.008885615720846
2.9602974985561588,0.647857102039181,0.6461138703300908,1.8770552172607193,2.105333488313909,2.214057984735569,1.4296785733627941,1.8840874971750754,3.805425815891485,0.8662571755754871,14.733478310397913
1.8187480328360262,0.6970950052605375,2.1840427753029004,0.533442429875538,2.0741928912057475,1.1035225428798838,0.0031844324551133104,3.840820696597226,3.1175046988234976,0.26097256544540093,14.66969334808505
2.5671243327193833,1.6115669338930534,0.14989095499056448,3.8200941384730043,3.995254102072001,2.1398081617964895,2.2906964273429153,2.505823077467121,3.642928072253095,1.4372681146838462,12.984372401197557
1.4993495252868212,1.891001262971575,1.6637709677491426,2.009502490517406,1.5325153216950929,1.0730846362682347,3.294476120642418,5.24200041748024,3.992146076236861,3.5990642178631767,14.588630413777803
1.6735107262150575,0.5631469359774313,2.2323348521068542,2.660314586501275,1.233713642856435,2.3645745945714287,0.03957302446491085,5.001355484875685,2.4834564387150806,2.572886903883259,13.177195345351054
0.4466416209169457,0.9049220845688866,0.7546669090041175,3.384687095474347,1.2215526211739114,2.8569543323653575,1.106650436526104,5.090125129177566,2.697893182097164,2.5460280735712963,14.816154455110293
2.040205873792662,0.3217337231003453,2.120508952545249,2.13666666974338,2.575986361286138,2.573946853389004,3.1905313834299864,2.624264429878793,3.051348914999337,2.6303865657542866,20.020218843926376
2.189432462457718,1.4966938295362069,3.1498749681833598,2.32372000658818,2.253053087176953,1.111941262949593,1.4409837897420181,3.790420132582441,0.6757459137551236,2.0060041865786746,14.612133497282416
3.4603969685998837,0.2143780868738303,1.9249307139629983,1.996957517081273,2.181940610062997,1.1444710731350134,1.0944004259472504,5.324022933853109,4.050839095224228,0.9608732100798341,20.347418860852382
1.8373700239280688,1.2933001432560296,2.0866192968596784,2.182152530995515,0.37128701222498517,0.6561329266442079,2.682575389982916,3.3190188132717213,3.096485155653623,2.6662025713825397,15.269086530194082
2.175649777952263,0.048515855334229675,2.256057017625053,2.4908703581446954,1.9505514735032264e-05,2.084426802942993,3.24883789808626,2.9032344171793705,3.480782288750414,1.7165184081287594,6.992463181399565
1.742117919215704,1.3069128411978272,2.5034043303673066,1.8496462844474004,0.9867423281914969,0.03425507147951348,1.0871052865883586,1.2972147132678198,3.9619621990155505,2.5314307540236913,3.8527101979608522
3.6067763935970185,0.26101359406374225,3.7898650008271213,1.0934105951088706,0.37693770393698856,2.0741811896535305,0.24001367771680715,2.065150123276335,3.056660860923087,2.1919456267537893,4.865664982664259
3.847715638170517,1.1701799961019643,3.286444798388736,2.477916012829111,1.5860264179070318,0.0073535644168891395,2.058964409125407,5.124115827389104,1.6908708949344444,1.543135699265414,13.816668531886297
2.211743564927758,1.7522268410458026,2.6063514375304013,2.858437201993467,1.6301952899432761,0.5761175118276667,2.639862357602074,4.413511538054278,0.34100114639085355,3.3112657468968054,13.775882374849889
2.422694937419563,1.348779224474034,0.7481300003763409,2.590616375483454,0.9170521930494016,0.7973988018790084,1.246713408825241,5.825001473600887,3.148353476437886,2.733800271762646,13.60538174120091
1.625359242912574,0.8036786455345607,2.4770821080170125,0.87926142368307,2.7284805946750845,1.464773905048776,3.7843082324508104,2.5816972720557114,2.588337753668425,1.8003174692375619,15.610186126782457
3.1307183398441425,1.5531452400586996,1.968111510603264,2.3568974147629667,0.6240813099717322,0.8328681526980422,0.6862804562747913,4.926676974110835,5.904050460916928,2.835574826622786,14.413907958621895
2.3629229122338655,2.062386555127543,1.5561942270541544,3.3723897433991246,0.9967554126071287,0.6006337210684081,0.7934047056675477,3.166248866105292,4.46666360938622,2.2184081744631063,13.04941118663276
1.4727869631745378,0.6883827030046251,1.7598585505467153,0.7237299145542162,3.034750807308925,0.00019388394703130212,0.2664445666334526,1.637162252041568,0.7709483812565354,2.2832892531357527,17.484722910104704
1.8517868949931013,0.2842955876571862,0.9132077712929931,2.18725972807856,0.6921568113260288,2.1706562779744356,0.9743847019062912,3.665002446918566,3.460639921241782,2.246089170831594,15.621525284599755
3.3489225487132046,0.49185092394232005,4.350732065697076,0.14911678167495457,0.36989145940182033,0.7308175835694627,1.9374462169604618,3.83752690205968,3.0736063874907806,1.2234330471464672,17.030216515403154
3.803391896191937,1.0526360384772881,2.756897981243551,2.0593187475236516,1.4905975008586276,2.897337613523982,0.97463458728226,3.1256046714644405,0.19282122491626652,1.0353214250630065,15.128457994960392
3.23251258049331,0.3290182567380379,1.2772520392930922,2.3028894174429153,1.9313271185107053,1.0434303989324203,0.6964770557282485,2.308387842549406,2.672721330295785,2.5191776633783465,18.818113342273435
3.5751153931737667,1.8378203041438737,2.691163696882601,1.890982920537467,1.6498190760447167,0.6419214826928042,0.4769890774859391,1.7766251913502733,5.397995972632414,2.1357683698151027,14.477579817901209
3.0164980947449433,1.6569106490914796,2.9714259503839093,0.24362861550290305,2.901436889173544,3.4447671471507846,1.3679863384702897,4.084007285347599,2.267901588390575,1.919019091321563e-05,16.204544981877664
3.2197068740054364,0.042234652841805914,0.2484710933104789,2.573155806813811,1.992086541989022,1.5840134513166078,1.1012113799333991,4.672791149329315,5.801138706113202,4.8326530249439505,10.723813989635133
2.5179438292250667,1.1538168844143843,2.372344662104024,1.01844896029099,0.17400754034608856,2.3090339975108822,1.2977565880705204,4.568443474920052,2.654814152739265,1.624223263851398,15.524388675325472
3.9680799967042795,0.17544659828111994,5.307118132710899e-05,2.1198647203679966,0.7141299592809154,0.9628527925679311,3.299730136031205,2.37597527526646,5.107281365191653,1.62116418431699,18.533876256200173
2.0963887180039205,2.021542807544721,0.5529868095159571,1.1900842953674617,1.9619341887386534,0.0940118335531197,4.086594152697544,3.815618576666709,3.24464438851741,0.9526733011367038,13.61616451323982
2.6274153992726976,1.6046555839111325,1.763486399367796,2.0641969334061963,3.163067712568789,2.6224227718249717,0.48987792943554287,0.6125827046565933,4.596846774777158,2.199293131132177,3.841406989231693
0.4639141822192583,0.6040838756212085,4.1847160858125285,2.404348627564778,1.3908235054204434,1.24207931733555,3.835001066621929,3.88501868067188,1.5267602748873985,0.24823132135730697,14.161920289269217
3.3868555347744382,0.7246345457381612,2.154492217237054,2.9559940819836203,2.274440835756494,0.09326794154134288,1.319639329775037,4.047363372483316,4.63623880454791,2.873670521590756,13.81081646393295
2.4686909873521574,0.33070251965745145,0.7162776964142601,2.3750693505144422,3.1315040649474275,0.8086345579490334,2.6375764220925415,5.623742397970672,1.163902452841266,4.087544874448947,20.154957836091317
3.482553257001109,0.42569465599766076,2.4688538813593226,1.368432408299219,0.8649610667751979,1.4059832249590414,1.9854223433862812,6.962426114190615,2.642855518665408,2.819561621290659,14.707572776639823
3.9212154352557476,0.007679347485863629,0.1969509839533803,3.1751063148897973,1.9757092499628843,0.9269225484670636,2.8177935871403146,1.6153188399938583,2.271949959469174,1.2936176401741346,4.339292728862315
1.8069625085511563,0.11575555949639732,0.10496079063765662,0.21373663226060224,1.9434357500154014,0.053664988315940326,4.295838743396953,1.235615663693776,0.0008371776020813497,2.8402186221224,17.877468130386237
2.5402882592551563,1.0679572602401426,1.9378300555364554,2.97115353122755,0.15636818265936947,1.004337268771125,2.4169130681538613,2.0218347573886684,1.1036462378877554,2.277167730472577,16.566055489921528
1.4324592214395329,1.4252730319154232,1.4469172750318928,3.9871812637033206,0.6555451234847189,1.0119880955690665,0.0043687717415518005,5.320912889486024,1.3120599840581428,2.8892840970595675,13.646644041374465
1.2036523766823342,0.9921913403200169,3.006213430866805,0.30392712724480386,2.0008227690870943,1.3837591885898672,4.096870869230063,5.7383673549562975,2.0651366048129427,3.2248644360880636,14.700698538439054
1.5996650973153161,0.6075362026295366,0.7315155066298382,2.571321002549489,2.1902594800357633,0.8292936925881523,2.3579240475665006,3.8592798613356223,2.240341909283745,1.278309032013917,14.370266761149766
2.054427675099162,0.47030273422650515,2.4606352539493885,3.286125688603061,2.4734022116401255,1.5403584286594572,0.9694731942151589,4.343162974126081,3.268985178854515,1.165037162290944,17.758406735942142
3.2179771188528203,0.8240727609686475,1.407706098477263,3.1421726228172493,1.3566014357807918,0.42870962080400554,1.613327578003438,2.6058354830120036,2.3947688057868532,1.8619671023153601,14.830202947397769
2.645235704335051,0.012128565579287268,0.7202712174929053,1.319310393559825,2.7535815833566804,4.38259389153055,0.24067570976677777,4.750408746636327,4.827960125409306,1.0238852217725782,5.256024243710494
0.9944266939375275,1.9841063879004142,0.9011725039152753,1.026578680668211,3.506023077113672,1.6564036422609458,2.8291251783278684,3.5263605413564787,2.4560258117728138,1.4932643614039587,14.388526808384137
0.6156128237069167,0.16783265423252666,1.8579057055145949,1.5140392077217846,2.0751133079638833,0.2655073362919098,0.49668829314162344,2.0440088685360704,0.013918628551958821,0.39933730962233605,19.797871297955112
2.208515775541847,0.5165731598217338,0.2865192179775129,1.5741576153844354,0.7590146726290308,2.011288341868367,0.3335806525259626,3.5184054023722076,1.3990670319482663,4.542732795214305,15.471009662765992
3.98921729619604,2.2302619782627295,0.9796914476157828,3.3114448668621543,2.4429303828140485,2.9934824756150533,0.9958117144252084,3.9898308609418818,2.1537921466855416,2.0494776029534925,12.704142665096843
3.955996646434781,0.6793217457113855,1.509425986893039,2.521003386239151,2.073695110745155,1.3304669602467531,0.9532291892475374,4.047781985597255,3.3941858677397843,1.816423556457306,14.052476378448295
1.99717250898168,0.8767290091298269,1.0996919144341857,2.5163203036339614,0.14008177369259744,0.007924449111720569,0.5076553880753885,4.50221527075188,7.573838663241191,0.276568379392347,16.586076962713918
0.5659228189401273,0.8951330093730837,0.38463028151768164,2.370215431791251,2.6104005804050487,1.0646892090906643,1.6068062683247981,1.9416387710285414,1.2790161499844905,4.495841793731567,13.739277066296479
2.9977946655931436,1.3617646864288697,0.8098071293748235,3.993478177761277,2.9088085526775393,3.820817722307786,1.4352826332334403,0.1292440524809697,1.2612746313130916,1.4028922724410768,3.6923224194532036
3.4357840459024214,0.014316055128979627,0.9016719671251179,2.1380658200542317,0.6912594689257572,0.5701613525169615,0.8214331516200692,4.913386251368619,3.4790271659463388,1.2808027845019638,6.209807840134613
3.7603671361862014,0.48248086298919485,2.491404577065003,1.724320417846289,2.478122732789611,0.5929018078453432,3.7914857050495283,1.7446063399685796,0.460585542416043,0.4812343049289107,17.86038669876863
1.7086308058432,1.6613595458525703,1.2812380971623696,3.366455644978685,0.3165261729544606,0.8597011529257057,2.807184966527773,5.19747464161501,0.32785375577775466,2.4281642102127137,15.197852066311743
2.179853122487374,1.176694424108979,1.3320448329876198,1.3796797127307414,1.1433825449424098,0.44860810788571903,1.3117571691940262,4.714298597704559,2.0616734153302705,1.2086243574533277,14.655885440023681
3.915280243847227,0.043690616152864514,2.1575558161942934,1.474563447087574,2.2954830191152222,0.7137731124895625,2.717529602847833,3.087961491086789,1.807657937096414,1.8309866163882242,9.663429643532295
2.745123969772209,0.5290183990417481,0.7903714060165781,2.6772059741253345,0.2634194140725745,1.5205525956129144,2.4973206015868854,3.4216435384213257,3.2138296542400067,2.888199169126445,15.144157053566643
2.75090820557984,1.4144572731728382,0.475276569154768,3.0594436514770567,1.7655148670304877,1.0971331052564235,2.0814906718374533,3.230549751004919,1.2132033690319994,1.4610841103939678,13.071324906613965
3.533228842480349,1.323447991313596,1.7054148457477836,2.2574229790783837,1.2666767577505973,2.7273611178922743,1.6459138915666263,6.034116177175287,1.962965918532749,4.174988449029644,13.601083658565583
3.862978725377851,0.5630764110847091,3.7778807800557734,1.7746576461359398,2.812034018665956,0.7928454737812433,0.8360322269993876,2.595675985007965,3.0898728851411805,0.7966906881337161,18.015952219029923
2.2032356427400157,0.058311425758113156,1.6009995073072818,1.359262416918112,1.585640229542208,0.7404182156262052,2.5088509795543676,3.5155362123170835,0.6668737697718747,3.8460163130767246,12.516819943776644
1.4567790402549912,0.7838830347369501,1.7692668364305109,0.8762355413904274,1.7830292902202847,0.652508926438798,0.5721187422492005,4.670282635395328,0.5620776964799588,0.3199460113577721,13.67747697900053
0.4598189188610644,0.05412916628215475,0.4945860545326629,2.100198191076692,1.6098716127882962,4.347930828332999,0.1677078256632628,7.408888514907325,1.9438551009767693,2.8006930598276067,12.086381038940948
2.899920485466521,3.8720793740076886,1.6472900696472352,0.06256324312147377,1.592062116963443,2.2268986224031804,0.2624089267087385,2.4384290278647778,0.2517014448927555,2.4240394625963386,15.51631520831644
1.3109484792770447,0.6378198450832587,0.37280550302401316,3.16231260795273,0.9543592847785372,1.8974660892977884,0.5195495666453838,3.0313935889190473,0.5533543110329249,2.4915847677676726,15.261083827778817
1.0435903401743878,0.7902617771551489,1.4625383334652218,1.8253083712277167,0.632756611746401,2.136705121386086,0.8216361027066019,3.833797595707261,1.7433649224037957,0.6889387312465227,14.98625254144119
0.5633195266900177,1.5132803096049479,0.10203386176298257,1.6461682014565417,1.8708232296180127,0.10301452807378098,3.1683559792253497,0.8687150279766551,3.08530733451726,1.8996912938722337,13.17503191439345
2.6638286888302556,0.34653831399826796,1.6884288900831337,1.3196545983755523,1.766141604619192,2.4172255860077922,0.9961237175445926,3.7550764867559687,0.02904135770244748,0.1253542772441738,17.575478219929597
0.575768282587813,0.19468295126623847,0.2874087277384847,1.1156884451336557,1.5563883748141507,2.5191934786710504,1.006259681299722,1.9154971709315165,1.7225864085990266,3.1967969064173176,20.892506789371943
2.066315645041689,0.27448014149174826,1.6757056695267143,1.7867793720335996,0.6971504549631677,1.7443209023277924,0.6260364675445012,3.969064062701535,4.694315070941118,4.07821007420244,15.266452123740178
1.0952996419579872,0.9761936308604977,1.0962645415980865,1.0588928075292563,1.7086935591106462,3.7381112309052646,1.0433253967254665,1.2242148864806586,1.513554020373106,1.750679139535194,15.182056108169766
3.1729508671101723,1.3002379456224757,2.940995543646876,0.34451648777614774,0.4771477712014509,1.3497967817417076,2.3520195684671963,0.6377936237849076,1.2267842875561086,1.9043624903730052,5.384006703327685
2.036323817524444,0.5543004905924103,3.129591106532099,0.009010668262017733,0.32300677955917956,0.5257043315186156,0.8559017616060931,5.12817138183275,0.4097492115240182,0.38403059809065954,14.527100982464722
3.700270965743792,1.748096042507546,1.2701795052233114,2.5012032124204207,2.4252332624910045,0.09568933950515462,1.5449203789837465,2.5746312616071965,2.3616027170735583,1.8759564770960897,13.884036757075714
3.99507335570536,0.07201684764961408,1.6536125587777464,0.07078059929567448,1.3552947559451591,2.239168372493114,0.14143429576144873,0.9392138907875167,1.0824699957561978,2.5253110229034825,17.102834423774162
2.7904800811945414,0.02490374475755476,0.703747841261944,1.208976114396986,3.069783026915749,0.8588852359902781,0.5849320268545662,2.20555058950602,3.2283955313494657,0.686706150249554,8.295758754869158
2.6745327790923357,0.7260168359545542,1.6324550950141004,0.38680394934315765,3.3284382278663953,0.2482236856151413,0.7670600829207102,3.0405748278406075,1.523244525930001,0.617483850964055,17.99674485397936
2.72086464500948,1.0588004171279384,5.073409745286533,3.4813214174329343,1.6622054027556143,0.8280898810433825,0.3835807192648196,6.347487657182413,1.4200435874086512,0.9039471100063634,14.791489611763746
2.2803728949274866,0.14112522458686655,1.3475282431332332,3.0031111743487813,0.06109953907707108,0.8121986800622245,1.2787032386695076,2.6639832929494887,3.0235010791587564,2.8821091834020907,16.465716542030037
3.3908867893491643,0.9144319170014101,0.6135642019417489,2.9166530124648524,3.8621873156754543,4.458319198042464,1.3386556380489756,4.2176440124713706,3.8236978658684917,0.7475061781109923,16.953342522817024
1.764846779607565,0.15119773220310134,0.725051819232952,2.856194988488851,0.6900319073909045,0.15567029713854508,0.9755044994196268,2.3146839793421035,0.95497359194306,3.3360549957425683,19.873271486745573
2.770802104550506,0.8069495976366154,0.45065862285371927,1.6192265222196465,2.3895569716365355,0.44259015556150805,2.120959317631405,2.481820872476051,2.4973706846806625,0.6131432282204657,14.458403619586917
1.1016549480589577,1.8632757969981593,2.3022678890104107,2.7832878948774846,0.4322796071153743,0.6110790979669124,0.9803491386365015,1.100892875436936,4.264536422457951,2.4817684715182002,5.122931492149481
2.384372368642545,0.7777596700876879,0.8098103808451943,0.6691610101483855,0.003679192476171328,0.9655608577225085,1.9238245779714613,1.983314008975369,0.8901435034268674,3.587713935997825,7.894189166139359
1.8006772389641066,0.0016808004620184691,0.4799136982868899,0.8448908208312047,1.1096642355831272,2.6750884353398625,1.3429757665486126,0.8536992530551752,3.0183557504086616,2.1849726021151383,4.339270717364888
2.766296489511964,0.9768397826260218,1.0939736141283614,3.357527729405102,0.23259106322280365,0.4792479245559339,0.040165025629259284,3.7558089218695865,2.26493366733017,2.0150981453950116,15.228928159709666
0.6696383184305537,0.10593371622897149,1.7744762571714636,2.2209234981718593,3.9505808429903735,0.31599407636508836,3.633945642986615,3.493378217566768,2.8710385313582174,2.816881740434991,11.759886220418222
3.1380426928450946,2.483482326197412,1.9657840826515884,2.842429506630098,1.8655574426068067,0.06110219691235999,3.1181573396661375,2.662244188923329,0.6434960331264115,0.7989001717542706,12.888460532701886
3.8863136074968465,0.20885285187124308,1.9177486951035376,1.503907446194476,2.1808167875661604,2.4913249538728515,2.779220285216103,2.406944656899318,1.6461729331506176,0.11176326247083823,20.41017097645085
1.7171975958163164,0.35036297295281593,1.604235912170115,2.555501338620149,0.5203581229346548,3.189200196941268,0.38366312599331664,2.8060665928748065,1.4356259834262688,2.4454543571910072,16.136952279439182
3.975076790021429,0.5230571565286923,0.7917222764590047,2.824111187945306,0.7225009781867134,1.745376134306581,1.5040076046926973,4.436666727270644,2.339916419485536,0.6407631771119778,14.480857100027674
2.7573115365911467,0.06186631099260598,1.9097521556396815,0.07861129457147364,0.6680452357769021,0.6991913987420482,2.3326251887213445,1.7314339098893625,0.7800644325483117,1.0756899132146873,19.736238288957736
2.1392337957819425,1.3315261515973673,0.6416682898730319,3.1946880885224127,0.2604258486522474,3.341318265923192,0.7828900974089295,2.05279180517448,4.172368103291442,2.3391220036222515,15.078704444004947
3.9890401308851335,0.02130156765675962,2.3411592062814037,2.3069766595157075,2.6408072695390823,1.1065407540453551,2.326970695791072,0.772185193042477,2.4247976854003803,1.4324715492575684,3.44772168587592
3.10657505553989,1.0756896098772282,0.6137956759635648,3.9560274425108575,1.9336545886901415,2.185067573426977,2.835249912326299,3.2877747024058244,1.2024073228093148,3.876336371588823,14.632081742360722
3.471312630265537,0.007475685748004393,1.8329355295244387,2.688974427250235,2.284059807518137,1.8680328352542896,1.3997545808942393,0.08980607629964033,2.161261948423271,0.6778446142612027,3.801370933524849
3.5738356557415396,0.4369329065858184,3.17867437452238,0.2536022936370237,3.7888149050654523,1.48199983665281,0.0008229444982142438,2.093141152809607,2.886031087851906,0.47912799843070886,20.405768977046964
3.594366127816883,0.26281831149837676,1.25127094552115,2.6179944359714726,0.20924861722472432,1.6765651451381114,0.24014695788812768,1.5390836962525405,3.078056147542504,0.2430967763650984,17.330447133652363
3.9943264030388317,0.559578438944843,0.14727886539577995,0.6770581724915669,2.373117985084514,0.032374232353634624,1.6436829303114366,3.579431970440647,1.6573386175358573,2.2586266711091847,16.386589770663885
3.992040704329702,1.8148977573951222,3.2898160813317454,2.431884882769703,0.43375049503566887,1.0733700841269287,0.15747831689510838,2.2793675184584217,0.7051130291487158,2.896270798667441,5.188267702608411
3.346501237702525,0.18501197514355577,3.0138964623910924,0.9737069785700792,1.8201538225610798,0.08732095992023059,1.443706438285323,3.0552771997331805,0.04414317521031153,1.4155343361513664,20.75324489406461
1.2008717758251752,0.07169545467829155,0.8609072037381715,2.7020706034541053,1.2276708720330771,0.49885094077993364,1.9746993907495471,2.252039201768761,4.319103443737222,3.4123074441790866,16.193662383470006
3.1587424973925313,0.057082507921914924,0.6794601569141776,1.3454290462508323,1.665938004451838,1.8082338463987204,2.703549793320403,2.825224724365299,1.4229410040608759,2.3192615498940743,11.933209847458981
1.2425300570944589,0.1337305327657562,1.2228653217116066,3.978401256115183,0.7108272451602649,3.418172645994817,0.20485546641664432,0.26884069166346425,2.5549163885544224,2.0993400930425032,4.517432647321032
3.9995149187793517,1.700255376876164,0.6364533726174384,2.835256125331064,3.256439935224387,2.5112564533494806,2.5046033045296765,0.08148648744783626,0.11580302010511989,2.798839708440797,4.186752493792751
3.6231849083999697,0.49115533533945677,2.4987984813569324,0.6925725507992245,3.7408820045490865,0.7377227067028381,0.7166550280863924,2.142473333913366,0.7643639232955913,0.9887316625821204,19.630504243536546
2.4085074429392144,0.10642653916961425,0.41591525811461183,2.2683954165230498,0.4781295293254755,0.003200656423202131,2.174543488434355,2.7308223550404924,6.823667447559376,0.9335830607906329,21.40188471928692
0.4397028091902335,1.102703471874042,0.31265796646393895,2.427211359066675,1.5315626688562423,0.9762597297845867,1.672802462484488,0.8196125047773561,0.9073223974743392,1.5785662407987702,14.09640724013008
2.228135347638304,0.40181025853982255,1.574732726777163,1.8565504110849502,0.2918102241090711,0.8877833748981214,0.5496891637329102,6.031428340088317,1.9267786686623798,1.9860620370916515,16.415960242519574
3.456585891864609,0.851739302002733,0.06054813468492015,1.125612256771669,3.878473449697022,1.2259732275837587,0.3557134385198534,0.15264343575581307,2.459463375954758,2.290088602636847,17.548034552340578
2.0088589146353684,0.2994621999523163,2.277697196204229,3.8904854882338737,1.8109840429251287,0.0036904017455516,4.887305631124342,3.0866321177970275,0.29824473294859044,0.23011411777342294,19.260371934654334
2.663986647178524,0.0708268742366174,0.14888019739211678,0.819014395154787,2.7429828429060468,1.4268812470176155,1.5622721603594505,0.47597184050284924,0.3757421015646577,0.5013446834639397,11.555719587468342
3.191749481782867,0.5297767227202724,1.6471148964603683,0.2546045510099234,1.3342112244631155,2.5296088765725915,3.1015705868309826,2.7118026579437355,0.5189156682618644,1.3917403968266702,14.978441680368745
3.344484028831019,1.0729642530406271,1.3611074110650219,3.9998285487211223,1.431748238391122,3.1739898473181047,0.3890904927919999,2.3724080685745554,1.7306155312760725,3.435444065938926,13.486110575840684
1.5276738618926633,1.3094484230067873,0.9501503905966184,0.6882371275428307,1.622520530495966,0.42626125894988687,2.05014651724568,0.08293723470468528,1.6911483793582445,1.9935690197295406,4.674655086747556
2.394289495614143,1.4072991355188726,2.751159782818104,1.106440580292912,0.7453112235574538,0.05991419926901018,1.4263234985754851,2.163613918964754,3.4036635181316197,1.0549824463657695,14.70266651514907
2.932948947270058,0.3183921406172818,3.945985539330497,0.7316514560636733,3.4220661400867485,1.3186177867923874,0.5068817382463465,2.125340260473846,4.855546996149856,1.3037063661815802,5.086350090213001
3.6773926781524975,1.1969995327762801,1.7140609738328028,2.646635314909377,0.06587253381862834,0.24221971656657626,1.118039091070355,5.1081105068209745,0.5882133946579962,0.562453459402871,14.759783675108311
3.827084442404867,0.2229437377411425,1.381576430468154,2.4957362917458,0.8476738769852616,1.506996160070277,0.732083892741244,1.2094885999105374,0.012495916554767438,0.45827467667941035,16.983037218685357
3.18986518190218,0.41955120266244905,1.8061865303565938,2.998695400722058,2.9978413597550007,0.9114419634123774,0.5135059365175403,1.1227105072523815,0.3771655704833704,0.03398671989795461,19.494844065685363
3.129798241543372,0.5447379510717388,1.4293021908873174,0.6767658023291321,2.3092611906690226,0.7134914883607806,2.2127750100301804,2.798507261377888,3.6956592927259546,0.07157468645869733,16.613459050719445
3.9593154537862563,0.5255731483616444,0.0017206806385148393,1.6591997818538708,1.9318771666135564,0.8819972560235081,0.2879401229836955,2.755669442863688,2.8862369825327474,1.9689005763449323,14.95669380339478
3.6565518778948753,0.2288077992095527,4.05661826105287,0.2575304196202147,3.897812710290963,0.8452946562638974,1.2604208139149977,0.15225600286978314,2.5433182560167933,1.2798368241294438,5.3873956555651485
3.8455169364753266,0.0016232108991306867,2.4010027188186758,2.7260029275303923,1.4133886209190325,3.322449683378463,1.3904436157093258,3.8074477879067152,4.281538674553612,0.511522168324898,4.24198499180011
3.190164942294443,0.424494938964067,3.1762146252803207,2.5455208827022178,1.4807896174770057,1.6121094591601273,1.4548670438652584,3.014209343573516,3.867739660010757,0.5540911118626995,15.338410511326572
3.3910207510714545,0.39776307087996393,2.1550704758335733,0.14058588487552293,3.3947381771384673,0.3133266014301787,0.0920344466741779,1.6266009085331972,1.0623078939973403,0.1240869485956182,21.029955392125373
2.966374567275556,0.8103466540073423,0.269018874007777,0.16807292867136225,0.47373135279349343,1.945537451325404,2.0201731565880747,0.7470669309002269,3.297075316478896,2.2025748722427037,16.850702077580095
1.1916710182241315,0.9563516822587004,0.5307955424112998,1.8672349807216502,1.5642979700161095,2.2378911943341926,0.1762494471307502,3.0256202901199165,2.907610923330267,3.1919056534892927,15.166003669802889
3.994121844387826,1.8641668167301977,1.0414839381275267,3.2793224044586475,1.162362637216722,0.20155680693369082,0.5387350855904687,3.022147818530505,2.4385560773489563,2.3449637171281834,13.503964464541944
3.293209133650324,1.2770699675576447,0.984542372845798,3.150662106637088,2.758963021571746,2.0929291221767303,1.4411469071308003,4.440392219751855,0.6431061202654085,2.8982944086036633,13.042797090650938
2.1299843277806763,0.011930907757677965,0.7997433767434332,1.4292253044845404,2.14035842476454,1.4860630928411112,1.0199761709326207,2.1384041319667544,0.8161519645284603,1.1622562072144635,4.988072121684004
1.4170335797778586,0.913442277421819,0.4953662492341486,0.2878082323706228,2.3598864604479877,1.351871174293479,1.996594500788353,1.1899893383854057,2.5695695349182905,0.025322078600340324,14.711746856674209
2.653859102973113,0.023101189593022774,1.345301311216327,3.0983090942420244,1.734282451893414,1.9162760433558563,1.1383916840341068,1.2349425773563973,2.7495897630062225,1.9224610081023008,8.499066525999577
2.8533434031917113,0.6108713998195086,1.9281948705715573,2.4592036167052225,3.1138838597320757,0.09278730515749728,0.44984079950350536,0.7290632054592945,0.020520714273155223,1.1744136177126723,17.79057938752706
3.9985618945570938,0.7643071251152892,0.6683453043781391,0.25344145390195827,0.08596226077854907,0.015622222657760131,1.3356706880642417,4.101294258014587,1.2553395073497338,2.9300431493425383,16.096915987231736
2.6404939892814188,0.9595822037341327,1.7828930511888041,1.2287091788178537,3.486735117772266,1.333610793677261,2.7725649144878317,2.0177041793740322,1.2360177946705782,1.909101081831098,15.988572572926595
2.815087113856397,0.23672779903188407,1.9692768133186092,3.5282897176289256,2.008543466813706,0.27550021832735644,2.830149971304893,0.7736834207448284,4.913156224193507,0.00042314603997863434,20.76896542655032
3.4988762209731226,0.1367437858571233,1.9265112234154107,3.127210216378767,2.574517963373893,2.1114337494190805,0.000945370247239452,2.4113761916727148,3.708986506452555,0.49642341779627697,16.631521590843224
3.7644510028839497,0.5941775472119725,2.1539931311102443,0.34644719464247153,0.2129025460122702,0.9493786640591049,2.7160068860933424,0.987257757060638,0.5070367812610879,1.149816870914261,16.961450656847667
3.9164322575307677,0.2686885386771438,3.883211285812569,0.8086065062534115,2.064160330422549,1.505468947618201,2.161407069674437,0.050698046188395546,5.019684821427021,2.1624620284173006,4.403797190874507
3.3260879749442154,0.16565506661097396,2.8485048848506693,0.9810301738972813,1.16968928808368,0.6532781300354269,1.2273778277021938,2.2733751697440177,3.833309362718247,0.08922936518136504,20.783898039201112
3.986473006437957,0.15879675160446083,0.2772525509575823,0.0008339637463654822,3.185603588738899,1.6115374161536173,1.4716620146771817,1.377523093448593,2.471467160089976,1.6558277590262969,13.958195766906272
3.3979117646900314,0.9260541139301334,2.525644649802581,1.0789209433215137,3.215475468212479,0.7327531726611201,0.7400252857832487,2.9920297527707955,2.321235318096182,1.2323815398370221,15.55266034078327
3.9852883240417807,0.7050284749530873,2.4780975658861624,1.9259972628821633,3.353083345466167,0.6200468604629453,0.031927926568156864,2.665582810874027,2.7541920334970604,0.9185753177403244,17.583441304470217
2.362813458901635,2.081810937565484,3.4012405174685245,2.3423422203649436,3.086363861525137,0.1812245886684087,1.600623077606633,2.130557577323975,0.17969602539519025,1.4901503121469473,14.334015387575125
2.48422390461177,1.0326201578634393,1.534682465562982,1.4069968533546704,3.120376073516669,0.8966684078875804,3.115479005773355,1.0413194521635454,1.7647747668113913,0.38868144437026125,14.600744078316302
3.4910402934331692,0.0017276334117502714,4.966620226796426,3.199734870768866,3.348261461346718,1.318850670582166,2.262523694984962,1.1367377406404775,1.4555029974443099,1.524044485853154,4.120622501249969
2.5599907745173307,1.0933510379853657,1.8845584411664738,1.344014674003962,3.83473952299917,1.6005955991177803,1.4003638800297236,2.462968095373772,2.52054231178853,2.0286292673245243,15.788190415482882
3.975108437318466,1.9307365650234836,1.3105318121695966,0.5376131314949422,2.7039530119585997,0.2796400815613503,1.342537800486332,3.5405848650764105,4.049003262258342,0.15709940945538353,15.033937718020594
3.781518624411443,1.1121135624887277,3.1807396629128943,0.269556480796596,0.3958923142410251,0.2752569593544202,1.1803884049890572,0.35565003133444395,0.757926369705809,0.1302761123894073,16.453416681270824
3.0409427407535325,0.3005771996787168,1.8357630455793827,0.6727477447883017,3.662938587311277,1.0896256461555651,1.1351171099447979,1.2389132953969781,1.966851730009372,1.234405619351697,19.037535020219504
1.628756252222257,0.9513976392224048,1.2091962327451604,0.6039570878442116,3.9135911918023165,1.9043643009289162,2.424812635920472,2.437151249261732,0.8106683782960069,1.8957853478913076,17.26864985354645
2.5092183508840167,1.1251950145367922,0.5303442907332587,2.938381334634862,2.2823965114886495,1.088016303844776,1.603643394824552,2.320963573938135,3.6613371268893404,4.020207488776875,13.778962386489548
3.996449104459835,0.8751211135218457,2.4893453894008015,0.5677298524419147,2.51275518537279,0.4709037373878956,0.42236004770190205,2.115435560609749,5.37655051428022,2.361760176234172,14.678576418042294
3.997747205058195,0.5501093525031797,2.052621154020716,1.0349676063974265,3.980136996991667,0.7901227205474775,1.2652994724866429,1.7858300096641169,0.5215666569395205,1.6719320690694732,19.40318100678128
3.969806833555174,1.4757053225654677,1.3878161193082832,0.8255295672192995,3.9937139258085095,1.6061871385702213,0.7198747940873289,1.7178579040594686,4.531541865413354,0.5573691803306071,14.812058224100747
3.6570899043293585,0.10781940416894226,0.7371144120951991,0.9314119511244567,1.8348149605477122,1.12524293848936,0.23661845533290915,0.6467952349832624,2.759482275144406,1.8453737105364265,17.00994724001823
1.5634815408109826,0.3432137891260035,1.2398281768012938,0.642067375196329,3.999718890361345,0.2116845367538569,1.0879215595484921,3.322753847558425,4.182261843482903,0.04353915297833988,19.440332771300707
3.290964466958187,0.328247237808499,1.560156914294876,1.9175513717265815,2.412781376515947,0.21678074706017603,0.6435128085150522,2.749531664032658,2.5565443365810827,0.2776353545903312,20.40987160255338
3.0068725933989198,0.5772665992244852,3.3528591404999384,0.9767551157747237,3.4839237348905323,3.550251384906283,0.7649506668072699,2.444037125591615,3.5096495931183145,2.0833108443660535,18.800554971256403
3.9079841635766726,0.004633786716865611,2.0301564548135653,2.354929430010884,1.1347006599450642,2.1678023764146404,0.9183489088092947,4.535500899103421,4.9992130284593,0.5167130154780681,4.578923830974305
3.7815397226922474,0.03371770795234933,2.0800418215679946,1.523899984776444,3.622568091293533,0.22720945556443817,0.40876107903230496,0.6082544560930061,1.1342552964181691,0.9396247916173905,7.591967464086721
3.2969579007527567,0.4434275410978718,2.2182703288091834,0.17472248272903834,3.2454174275699867,0.3808884129972705,2.033729037071513,2.7102488825898465,0.5005797346903169,0.4319177454010189,20.528265378264873
2.7075045463811223,1.4289208424669644,2.165366387621755,0.588917498702408,1.3764323646406065,1.7851691479603515,2.0321456312873156,2.50412047959106,1.4779266259329673,0.7413857769312957,14.724767595841122
3.152649198229222,0.09896281372357774,1.5218996538854799,0.6958647369112616,2.6003472914050154,0.3920984146873643,2.0755152306051805,2.2333670685741684,1.4132792069316045,2.769887735382745,14.057074117659011
3.898265053232235,0.803632717223064,3.488815549050015,1.2096223274849287,2.4055819149831903,0.6094149148132719,2.7173446448012335,1.7308279458502602,4.19955112285688,0.10961082363386987,14.712980952520738
3.0512292902189757,1.7696278457421455,1.1193764973135534,1.177915010717187,1.9525075413343078,0.5286889729530051,0.7758905861996312,2.0398209487724106,3.5112056656614943,3.523741144043442,12.985729099171907
2.372074083428339,0.417505145377828,0.36149448799829,2.6147879974206703,3.3510137951830847,0.7999513620017279,1.4115062732750134,2.7822969209960853,3.2199510125154176,1.131144895466954,19.6724140434888
2.8515283482460236,0.2317175175030996,0.7737528626718837,1.286928164127368,1.6864446590009097,1.3867020965428545,0.6846735474102232,0.10603522167665391,2.2209267182130437,1.3002872186375505,4.013932562383491
3.9999990085868906,0.8358347849745418,2.714262297246795,1.2998519694113326,2.601391850340851,2.5348522582731983,0.7365825112153888,0.4599291715952285,1.7377230029606356,1.2753834629008678,4.2564411334766135
3.7581017987028837,0.19843914086998804,0.9763597969058153,0.7305602296380258,2.6121093781403424,4.028789204506419,0.9798769104353404,3.6017800036019363,4.592855909862718,1.448481445603715,19.274166101933872
3.825924924305327,2.5750648629399797,2.1181537946399662,1.1303082672173619,3.5789562411608373,1.3119523974083085,2.7347227589407757,1.8855524144460605,1.035385206310218,0.38473490290801415,14.128274450584
3.8901897015519458,1.5914685574158125,0.8629722967877005,1.3017468352735424,3.459151589316409,0.10470082858288648,1.2803264829609875,2.1331789204152876,2.6427056597853307,1.5177533064407482,12.336908882352125
1.5991787238264914,0.02982209484538499,2.0627011289012263,1.9401934971187014,3.053290157081797,0.5330627468821709,1.9304160491603404,2.1977759075744268,2.4207060016229263,0.028560129316635006,6.9075115403595095
2.645674935506902,0.8095064091893656,1.2937285553857039,2.7150719671050147,2.703303524977839,1.6358109379496144,2.694494508530666,2.09530622174465,4.28894046990902,0.1888642882283819,14.750935129105368
3.068319796722867,0.31131232946321924,2.802453982757855,0.47331944800831005,2.1793223907402046,0.30363282916783335,0.7050605331907381,0.34536886405334677,0.928058577910629,1.0669101622744175,4.8756469982085875
2.2915987015007633,0.5298540151383553,3.24186869137235,0.6773943378176714,3.168007015534543,0.020163338618369355,1.6017527450953368,3.69527544532783,0.03650962505426786,0.7070233369625227,18.88801659560974
2.350439090356581,0.9981284053955413,2.803609839812018,1.5492673827485768,3.443608532853738,1.5671226596169896,0.07402345138635169,2.43671548176719,2.0228169228161907,0.5408231528767428,15.69703308491365
2.3368764643305853,1.195806002037194,2.018901057044949,0.7916738637860641,2.032564168991322,0.8620011556468357,1.3327548171396064,0.5331192049590001,0.4513648875664882,2.619483704687657,4.6509381806255945
3.65073161261681,1.4843092730461354,1.1717844330232285,1.154929851669352,1.8276884197479266,2.0592684807564408,3.5179301318256826,4.1135879796111015,4.407885934283333,0.6475343661881023,14.127656808028961
3.999998935854336,0.14912510593898204,0.5826612773957336,1.6639080803927395,3.502861624578827,0.19728643827847697,3.4306242415659876,2.1326464027784193,6.569001138605994,0.9932462946966577,14.647364006826429
2.974919914052849,0.9056480016253656,1.7695953953782373,0.4380244073398875,3.690199638506621,2.392930889327984,0.4377294429639317,1.874256280946748,2.1600749421501417,1.4973755438689595,17.42722430903184
3.0244004326206992,1.6198891856232691,1.2539470270517261,0.527540203458954,3.9869040213665357,1.800515223372302,1.5304157737580955,2.7323507842125876,4.159291302510945,1.9484570393516987,14.421920082205942
3.137388041931453,1.6140165869694383,1.187130338600877,0.9720596172331637,3.2217920056115474,0.8037142718819841,1.7026045149442073,2.2560370068015003,1.4022320124717678,1.6680965667063519,13.78113631596527
3.9875822708966178,2.341700241890645,0.735413512289012,0.7590504920021279,3.9937341073483994,1.4681688733220273,1.1056377751421476,3.343980696981279,1.3965975622678262,1.5886319584182425,15.342883191386555
3.0446218669887974,0.7862675336393999,0.0008544836527793644,3.372908977949492,3.43890922673881,2.0455105312188464,0.07011130937474408,2.481053634054717,1.9454712408409098,3.5522525193994645,17.18399972333525
3.134399946504102,0.8914698714963136,2.4883184874710786,0.38425079965282305,3.4762587587994194,0.6973231660155816,0.311823161870838,2.810842489044538,1.4456385279165511,0.9605198044276216,17.077841581626164
3.0672382368560975,1.5664404243528367,1.0685807222386945,0.007200827835552521,3.5826525669107574,1.0816905760827011,2.756380755669338,1.1292823606265867,0.0003442838355651453,0.8221501627222435,11.333246411183174
2.4136726816990204,0.3744863339411655,0.03984821790870716,0.6908695894182494,3.830895492351455,0.11098789947156931,2.674459201604348,3.505240227309602,2.2490524496346125,1.007187216522803,20.003256658128322
3.994115249507609,0.49615946181726955,0.1532701463793047,0.13249139981858082,3.4996213004638235,1.945839360225111,0.42598543732521643,0.6281067523505846,0.027005326728458453,0.8091539327337635,20.56779053700725
1.8177115907303416,1.1572419296773542,1.2135194442947772,0.04337535330061823,1.574248595876272,0.24188207184902932,1.126983516801288,1.6103156523485216,1.9120330806128354,0.40273422178078466,15.4740912276734
3.9533109271077205,2.670506772945964,1.2750357619189292,1.0171713495738144,3.9289378311525867,0.2156622934190769,8.457922417658915,3.3321547244396097,0.09734567588867493,2.8297702649666423,15.637951225719622
3.9514942240040978,0.0019237170340402254,0.49972197532597873,0.7318314200237228,3.9999607674040627,1.3032982616025057,1.9752859666942713,3.0334371748544235,0.3609062777269545,0.64290172926801,5.361238915642323
3.590627428465886,1.686743327037807,3.748006921464561,0.11797457715353898,2.8571540902437533,3.543942364857779,1.543706539746416,2.6780522177907535,2.888445835665327,0.8342520530712141,16.77175596545093
2.9463585776702788,0.8423170650202272,2.646647473985215,1.1821672183456875,1.7587009446738329,3.276118747456614,1.0592996170695537,3.7642362052063207,1.2844269766533039,0.6072745070858386,13.797356576723688
3.8843074243781186,0.6038378497662436,1.715118896132219,0.0042743777556051455,3.4367608370778275,0.5061400523066399,2.064310175003714,3.3899888130189946,1.6947158161969749,0.4637629840415023,18.70535931685605
3.5354692678373256,0.10755536554062212,0.3631781863603808,1.257999603670322,2.5039055860135697,0.904797041145429,0.8825510571284865,2.375095812805111,2.5869025479211984,0.689665640685295,14.884855073280997
1.6498975746091893,1.9475988013758236,0.6069831937366629,0.3389996869055345,0.4972193118611332,0.7000440674329329,0.7045984622644431,0.659514589381736,0.10036698228567764,0.42975069201010285,15.754220518855377
3.9988937444645134,1.6803690278750512,1.0194185224866454,0.9394759076602767,1.523353825395969,0.029878989264512823,1.6004840312707516,3.2928662702318197,1.361316798521255,0.08008918072943749,14.683296376691235
3.1348318771168087,0.27301384801037104,0.27772870870512545,1.3395472889914897,1.8097418881562564,0.7094826007617365,3.7746464220569376,4.383818840058503,6.648014885727987,0.731601844011919,19.68264179317184
3.9741584583942164,1.8648721124968364,3.6202399851675517,0.24163507454836086,3.8467421936987845,1.973656001630678,6.8985084241663275,1.3631939270378624,1.748818722055532,0.9662758479373212,14.13277711206575
3.9989736418269524,0.18512448796999426,1.6391866057286015,3.37161346256302,3.4450279556927734,1.1848017840798053,1.9741124984941238,2.2925736289146057,1.0774417381492103,0.75605882900929,16.913493772459624
3.5808948820440816,1.460449675274083,0.6853309953272255,0.12031949405014908,3.1869291104249884,2.7040181140027455,1.5673664879724483,3.8158698729037472,1.928772765415367,0.8207623823280836,14.247107319309949
1.450611294915292,1.486405818078128,1.0494893428048608,2.608649999484794,3.6712971073414096,1.0386295273875137,3.7333679804327726,3.498295596810518,1.5705450075173495,0.43527175295071885,13.065119756415703
3.707951981091589,1.5248065666507775,0.8307098637126302,0.01886953213868141,2.723160696670463,1.3112277560968406,0.6177758263449558,2.878114113050735,4.364576412374036,0.07563759689170785,13.681346223789967
1.6006985009466939,0.5368875633203847,0.5698184991533055,1.3241172254539997,3.4567180403237003,0.5050567376860902,0.11110300201909212,2.122345139506158,1.8233076855151904,0.6636340504456577,19.038562087549604
1.940636625521185,0.5747652936039183,0.33940073297392337,1.5913010177471296,3.668108798185632,3.423449940208848,1.4631353978076942,1.5559181851027692,1.1811493466275989,2.8580054929249887,18.84854552520235
2.250911588557242,0.8846625478335122,1.0590347109079585,0.23155543095513936,3.2299330239963235,3.1001492889858198,2.3021667669538606,2.6863070202672636,0.9705303938706962,0.5527727935297526,16.440775514830523
3.4153887638303555,0.45544366642874545,2.769445908256208,1.3813042142601768,3.9776054832096595,0.251347198803075,1.7582523338567229,1.7161687847151819,1.3871027474453008,1.2746026287814394,19.572904381889263
2.9970934357110655,1.188030339325117,1.0569687803420313,2.9678376066663366,3.606159257535635,0.9706213950945115,0.4110265985768959,2.650657124769474,2.526696148879604,0.38493512145832864,14.25321944388412
3.9970767386744073,0.9625693537902829,2.25450807075668,0.002872117208768207,3.887897703223835,3.64982965943042,1.5002563211351478,1.436154588714348,2.9862721480925227,0.8053906359271679,15.923105396333801
3.7271315602083,1.1944337605414612,0.9384794358583146,0.08296962176887257,2.6626038533736787,1.764398676768455,2.623052895554798,2.9117653852402765,0.9880134655180746,0.2711548918684312,14.380543152179486
3.8025190468936865,0.2983797457911351,2.8676927381331057,1.0990092981004875,2.3899142270207916,2.8855705400927634,3.1695354314965085,2.3565095885118175,2.2563415350045446,2.6187888738365825,20.03952191821051
3.3634294296903358,0.5514424078824087,2.9378257445674163,0.5868999053157086,3.8062421450977695,3.1140845563595625,1.2142457919506986,3.2262751874896303,2.1933506942068877,1.790577115667098,19.82738813902599
3.9504113162148777,0.2201843345236289,0.3863578683749388,1.4652329222333238,3.929385413388001,0.9340431615113406,0.832613078894028,1.3271806442610026,0.04406960572820276,1.2533305976118851,16.69550790901206
2.222650923453055,0.6905701497072287,1.3532345087127085,0.12256463942989548,2.1437792955006127,1.3266672725409494,0.21842595073572846,5.031137511735775,3.017790071720257,0.4302838128036357,15.310066633737328
2.582870095390692,0.025694348992315794,0.205597122717753,1.2674920770764877,1.1085430800925127,1.6237452582416783,0.0004461416116899829,2.3003306831747046,2.6416228709347287,1.39935451059675,9.432506356526707
2.92712744524825,0.786514327043641,0.5316484831282505,2.79173473126171,3.278804473678725,1.18571438853335,2.560471714827117,0.11206734927865458,0.7655180940348069,0.5969586011226118,16.897229478798153
2.6519331869080394,0.32412020347685855,1.3248018168869968,0.002865651630280676,2.1978543942468267,0.8633941533186147,2.583303316487827,3.880389950482878,3.1153573916838484,1.15883482334818,19.509079384000344
2.9033316764471784,1.4759588059280329,2.2794552668608072,0.6201191515903471,2.5474816185361093,3.554081558959293,2.681684000536565,3.7665819990161244,0.5793701232044761,2.6630248232066123,15.885645371068357
3.8224906015386653,0.8461306647856588,1.4611410549977666,0.6997617739506361,2.7981709800318635,0.17128206821730105,3.2381792925595434,2.248833947941359,1.595068575694921,0.5949459623463931,15.555892337118284
3.6447110886745815,1.1698588338391567,0.4676979958215687,0.20639398540848403,2.3299212372799976,1.3329726260974688,0.001486290508682559,1.3316549540412037,0.7936715943970392,2.3986287095651155,14.728515759241207
2.1817192622204598,0.24065829873560454,0.7364707432922799,0.016250276015043,3.8998016280478196,0.752110257802608,2.1771325174602945,1.1704437610245304,1.290179045942577,2.612485338714192,16.72928709009829
2.950207560165519,1.112373335555855,3.112710267221735,3.4119165741047226,3.658706179756953,0.0020318450745121434,1.6941783195562985,3.5514235836824986,6.2267927422331795,0.4135685318479473,15.34427960999085
3.531511513120171,0.10369835187492732,1.2427638609036245,1.001199333800435,2.2208569692314306,2.709655793222556,2.63905237195495,5.113915876469507,4.005041255608567,0.8889913543277072,15.341090030071696
3.3923869377468283,1.1793867133848128,1.750797844711133,1.620467731659969,3.098296810704864,0.45018290459233024,1.4878257420466774,4.718044911764529,1.8762382604719423,2.3476437448640146,13.717403683640605
3.9677757000713916,0.7491945048968875,1.7900025853368031,0.32102524091280205,3.1945240825230674,0.4253572435839071,0.7104320358582745,2.901637854558464,1.8227263161762008,0.8209896197020026,17.401742255869568
3.682164361316494,0.6401606898677356,2.983142700556546,0.0031598998982194666,2.216919399314509,1.9642375739550757,0.907336423299657,4.446174879013935,3.358941845925907,2.3208023061234124,14.33297191543055
3.4952060675947405,0.508835584994086,1.6712948639117866,2.162708205996166,2.54024219613826,2.1228080142341508,0.09070020018122471,2.624142341502522,0.1620853722525074,1.575285598525019,17.494503339999845
2.1475380209583195,1.2742003857499171,0.43797284305149087,0.8691813951090366,3.231898523803722,0.5333266277311434,0.4107726716797351,4.095135016535516,0.3254792464242977,1.6452554138213413,13.67389972298571
2.490145199756814,1.8921835406500072,0.048556113956805175,1.1740073925019892,2.5390901035821996,0.00731143533684261,0.23463182756243378,3.347267887572844,5.3685970757062655,2.3324578145450023,14.151832304500411
2.8948225557468965,1.6578303851259772,1.5196832390184871,0.17153131581845615,3.0125977253396248,0.4638875639454628,3.189686872782977,0.7969493572819417,1.4023239405316636,0.10865841664713272,15.841988578083882
3.1340351379618165,0.046101067051970215,0.32412840110392255,1.2058604867440823,3.8931890557590263,0.17711771593397818,1.0871808505308413,1.9379186381779345,3.388989094810273,0.12471498950074578,8.338622280366579
3.7304985532332204,1.2414661400071878,1.9927376116317594,0.8631220102614723,3.398173559888591,2.1826414514490935,0.3081212805786462,1.6699475298233277,3.5824421543440184,0.0931312906499987,14.032498056331523
3.714921703995855,1.0194206744989684,1.4383785255423018,0.07229824867148354,2.6254784767578325,2.3807079545481495,1.8701220602147373,2.9368762894013685,6.393384615163951,0.41525050178926876,14.596063748808046
3.2227614805514166,0.6183285854201839,1.9238475975371265,1.5923183354700534,1.8916994881018865,3.061050573002482,2.5098584961042603,3.040813571693591,4.128329342049947,1.7503677278529575,14.098671062416367
1.151102558731416,1.2470291452330782,2.7033944503168157,1.7389185299593843,2.3755651819184327,0.9426158618642082,0.7849001602954471,2.0872986957197894,3.9072725681231857,3.0751976698799,4.7663202419849275
2.77725927093615,0.7841014847805696,0.6384294834887172,0.9435054264643716,2.042377542907932,0.2905910475690613,1.348850952996627,4.798943261885509,1.8430767363749872e-05,2.1526406316147666,13.695570757333222
1.7393306741379955,0.04529978697152192,1.4240201140762134,0.6738062825904005,3.205258801696594,1.411550079377125,3.970687164875855,0.248756872694881,0.6302643985843959,1.9201101303335255,5.058364385789758
1.7641997496794706,1.3880564171352123,0.5585292724008906,0.7606784479921993,3.7971531940029877,1.758961789097111,1.208237622305902,1.23575754805527,0.5533573781153889,2.3052606433709206,14.493446684652492
3.5435700674137833,0.6858366196845017,3.2704495711035797,1.4669948974497191,2.662961930407881,1.3148486094428349,0.6494371148993194,4.073271309010975,1.825350579683976,1.4551741409168364,15.703474607531422
3.8751850571201443,0.301262753403824,0.061688099174047106,0.3821046301745381,3.97990540572177,0.7960026538666495,0.7518131676072164,0.9842051642328178,3.395652079418012,3.3005329630829907,18.747226291948017
2.2929796215626577,1.0949902304615702,0.35636413450236853,0.04902772649411394,3.539378251816936,0.9538507741388642,1.0802436650309202,0.8605571535526044,1.2262326929804792,2.7182206157730073,15.737013342810933
2.8596162706712076,2.2257680391482566,0.35202151946511634,1.8631621192627232,1.8487768584845758,0.04840659069011157,0.19383458563447992,1.845498904994258,2.992124215655764,2.8794069201181776,15.018232167260116
3.9639716624216073,0.7892567213208022,0.8902616128250438,1.5681209512631389,2.574580522928428,0.031814804878099935,1.6684599783637264,3.062596791160025,2.0688074783202604,2.662022861491869,14.461546106264414
3.326211116965356,0.6170632063314696,1.6229115375717833,0.7734352869676488,3.989200725848471,0.5608817884985573,1.583955088854442,2.921729761699744,0.9839334213188613,1.302983129251153,19.11214112283112
3.6818919518706674,0.3510807776121003,1.5095399402021208,0.07680101602653983,3.0414118262817045,3.686694992380776,1.6617234959024731,0.009578853135187743,1.2080468368018757,0.333179922974166,5.316155812177181
3.9666936884763753,0.6287569830793801,1.0362494414092644,2.5250793795933433,3.34095418391687,1.644399783825348,1.6209212346861297,3.379115561591319,3.8800041665746843,1.3024489884507338,18.229611241661328
3.484159179423313,0.5338059298310236,1.8423817874673534,0.7796615953267969,2.2417161072110066,0.9614460085363117,1.8383545700939088,2.6315399787590597,3.5145976713468254,0.8928990521875484,16.444031329831454
3.3400044340380526,0.2833131506865988,0.8808477736595954,1.8541803260998548,2.9779872083410686,3.5522467116896728,2.0859739112701114,0.9484305292837549,1.5089825560918904,1.4969097129935764,19.70864143646493
3.7216005900765654,0.937355442926715,1.8319440668373437,0.10786445015646334,1.9262706899850977,1.763205038322841,3.041863098653028,0.4554846974981861,0.459412774819011,3.7337357952338985,5.232407000245039
3.4300833860049544,0.011739423231914159,0.07206861107194518,0.27772359455729023,2.4034677911771762,1.0104748548948381,1.3760899079860303,0.25494885108963405,2.4028109956121435,2.0693772038109746,6.846029679222435
3.9561914320490392,2.4517585669929747,0.44369397388010784,0.755200809076379,2.2695054278219136,0.7709363633024535,2.94808219668912,1.9122169333965364,4.594893254342943,2.1180840715450113,14.161332652425349
1.9429549137566098,1.4366738197188609,0.0003082528587049715,1.5520955891728634,3.912661544835727,5.083845850663735,0.4053243887309882,0.3178760305281092,0.31061743445751766,2.074730564817378,14.63026254130196
3.999190106717835,0.14764178335906208,1.8968251812696446,0.5181987778506432,3.99808732433581,1.4729227871478916,1.1132768646582123,2.7357005511311487,0.7667117388743513,0.5987288991786948,13.947123490313416
3.842864826638728,0.7870912728277049,1.083119265505796,3.3269562967244424,2.0722315909337112,0.4348917980999747,0.5405222095039162,4.764535148313433,2.49675419201455,3.5816125050413614,12.922817536028694
3.9046596616063236,1.9377429661454713,2.291628826044477,1.7350549007948037,2.2282642876576673,1.5608643017479324,3.386936367486178,1.8749940674930874,1.2354770115152913,0.3449848792936461,13.233222821662489
3.5762693485290398,2.6190189132776758,1.9765249877462991,0.17520933160943025,2.3395431492917544,1.8602516385322867,0.6116508324713728,0.737262207192604,1.6545573959392306,1.629865755517438,5.449668086312517
3.1690669104031706,0.7601895501631534,0.3417680648283732,1.7299798822078782,1.1618287674391703,0.24389034629413664,1.154828838885567,2.5982390394317543,0.738694176255638,3.356451953510939,15.520068227057077
2.5660082411842966,0.2479916935613941,0.017536134737234595,2.9804807462107807,3.149417647540757,0.574595809876093,2.202808826878887,6.120617494226196,3.769548158867119,3.159105067010411,18.927625477266822
2.3310499182408715,0.10304776806127511,1.4100632698644566,0.07642936257551186,1.8292443979608473,0.3271006005517218,1.405212169637822,2.3756223761429807,4.801882302526234,1.4501580817318858,17.91409375865325
3.8950294649715964,0.4624754259864218,0.6089652146378919,0.5450009547289307,3.841799285927882,1.7543355568798427,2.8935920544384715,0.21764174971388306,5.237841763257088,3.8187228322768663,4.633570936495689
1.6982387832994061,0.656638872937024,0.6511815461558795,1.0581690209737047,2.107877045458224,0.394794601041756,2.0869875438885113,1.9722043142655907,4.6006284856557125,0.6403331032792604,14.3065556104288
3.9812148434889956,0.16736582722386326,0.005205357193929226,1.6109433668349384,3.987540038401014,0.2671004444694558,2.93412189698751,0.4644251419664347,1.9915652095802656,3.1859486190211963,14.396758857729461
3.4157691826505485,1.6652860718353115,1.5260978280673854,0.01077195726802501,2.8578215364960355,0.9569005965771245,1.3200237910345871,0.7494220775247422,0.5719524168014736,0.000873403090421936,13.785391617128575
3.917220520266731,0.24714120942002937,0.41329004696214106,1.2671095337577372,3.5690712957600463,1.767210055302488,2.0714102353399304,2.159035285328458,0.3228911840694896,1.6556449796612744,18.257814967780224
3.4994983607887002,0.512894982921854,0.288083270895867,0.40745984350168024,2.2554887665520833,2.352057535604033,3.470868483447492,0.8785390092940012,2.1370391327077813,1.8985182527370732,16.923290760838096
3.680048681173536,0.5874586508053913,0.32609744481905983,2.4781323770742048,2.7029521718841547,2.5956717804352416,0.7868270540645796,3.1815951484470144,1.7890693386844105,0.15042587741941071,16.84749949000243
2.472291557821078,0.03387191307346438,0.1452310485418858,2.497080542658906,2.704199281833438,3.858663778487216,1.1523870896342543,0.7345015158562098,0.6051312812423875,4.7088018207509315,8.987100846085315
3.898147996626124,0.06283953601703904,0.19668347579936862,1.319481260810767,2.554504339834617,0.22218723612849967,4.1903202160812745,3.4966742032731997,1.6492151760958758,3.1843635229778737,11.061504398215188
3.9917260307521265,0.0626317505272995,2.993253170749701,0.17380669217685918,3.9817707785408776,0.5125955873772376,0.8317341333929086,2.0019033828669834,0.6228322084186626,1.2190125089823225,11.070357888718991
3.2676349921858714,0.29753508524547423,0.10322484997749803,2.054393288315975,3.980628145368029,0.3813529502468753,0.18582873480699016,2.288712449730719,2.462653998652335,1.9141526105511026,18.662309257550316
3.588410425499104,0.19305950334431307,0.05872956447624464,3.177746089736889,1.8866718848125417,0.28236749945302353,2.3130255523061543,2.785377844719248,2.2164130020696224,0.7740994845326947,20.47152396117237
3.9493000917278587,1.437060425182703,0.17667730843625873,1.3027046988199156,3.9161801083509458,0.33992327808102246,3.1662829523694254,0.5398254858025093,0.20633501627907233,2.4479441632477275,14.738922082638478
3.2802580850819356,0.6250116367836459,0.8171042889853313,1.0387677479352309,3.5949356811658255,0.5182729102023336,2.383685142207421,1.769990437370477,0.0009025384891583889,0.21879761244576756,18.985912450960836
3.5446801209364076,1.0105327643442301,0.010930454510336696,3.3573798964381107,3.3093639450596903,0.8924288747201921,2.85148272603981,2.30543255682522,3.4808875742521592,0.31197431941828124,15.387306746804063
3.2609444568935078,0.024321121460472477,0.4341971676151637,1.0209014258637494,3.9272422284741277,1.7679922157961063,0.8608849968227485,1.6268194640627822,2.279429051787105,0.8159601300206862,6.889185176035693
3.8844808657672276,0.13474553487370308,0.3852652186829316,2.3209731410950565,2.03015219117612,0.36732635395523205,4.50826990137853,4.939694410396058,2.685799728832781,2.086182213229851,17.889437426628323
1.7590331973169078,0.5035894735278816,1.4211255126596427,2.6456993447570216,3.9602409284571363,0.2237587157196973,0.0356060115851732,0.8912955707779189,3.5886872099816727,2.6974907206613974,19.75966901502834
3.2660092826274907,0.3313428244982356,1.3773392504676796,2.050445950501355,3.7385992759504787,1.4159492509774756,1.2604653369442538,1.9918450429016756,2.1812749692862172,3.0777607940708567,19.53436920742336
3.1106559148143695,0.03012196304450793,1.0103481382513326,0.9647242281349742,3.9545028333527696,0.7059133403593525,2.5426440092876437,0.9972508510623164,0.35487251556408733,3.535969416690222,8.458819893706973
3.949680908609523,0.0910597295919869,0.35408888641288017,1.1091939315942345,2.9477741467835363,1.2368749748883978,2.4004524316070714,2.2959944674188577,0.4039689740379502,0.026662719498346886,12.63573276296924
2.6038892432912193,0.9529158211132365,0.4126675286428577,0.6306403571687051,3.687587514000036,1.5248729639765128,0.18696224563902908,3.3832963545150188,1.1573897417598964,2.526784364757952,16.68768471296802
3.6264995384872427,0.32426415616247545,0.8181772683794377,2.684392403636959,2.720931641801686,2.5254580182096222,0.4874247046552316,1.2067513200003854,0.5808454227464126,2.1165083484510565,20.10144745365783
3.379410404703647,1.075834332913039,0.5415643397830223,0.9044308856755854,3.9884745076392543,3.640570418242395,0.5269035072153573,2.7794762071517787,3.227192043763215,1.0356765027935293,16.37362878430669
3.974339814376009,0.7527881810038501,1.4290649205253318,2.740242857357698,3.898773346655607,0.48223479051152074,2.634229853372152,1.1279293404622204,0.7130188372317987,1.796041531884382,18.164841287439327
3.4058309262612667,0.13150645108913867,2.002004168649555,2.147473285236903,3.2601204768988366,0.9891855550659796,0.7488874588193606,1.162042805834984,0.027593608093438367,1.9482060541666435,14.774457296808071
3.174686254483509,0.44721449076953246,2.548334368739297,0.8218466720294717,3.9377923966607296,1.2312389077940564,0.7029334495946792,2.9457943518163887,1.0943025878337003,0.8695434050222823,19.649135059734657
3.7165304779424875,0.0031553294545114967,0.44375940613575626,1.2117119435978496,2.8464470502385124,0.12525452731736902,1.2080246321125738,1.1523273430095862,3.6101885414152335,2.5151460529579306,4.1414937627789845
2.792905293292302,0.06575779353688535,0.13076091754069236,0.3838998845304179,3.812185079206346,2.4758146992639816,1.1002005254824883,2.223183805088835,1.8073875446135765,1.8532762857450518,10.693187265971329
2.8266289907270052,0.017039776817557722,0.6599541783635947,1.90787875314808,2.9147271890598643,0.4414926547809488,0.14903973502456114,1.6835065805253524,3.6809718507636298,1.883014665570112,5.998694804373543
3.5994581465614037,0.2095221814861522,0.051383806088045714,2.2239159125732932,2.720695668652682,0.8880282939452251,1.258307961750463,3.546830643621291,3.586672632559957,3.536940319109015,18.64843577944399
3.9608826531007137,0.43456748019786545,1.081583839367994,2.8635397343574756,2.8904933609274965,1.3941544525573786,1.0588529142353513,2.727286293621832,0.3478550063184149,3.1217445197953557,19.804817643119076
3.9978188200729146,2.387336522067623,1.978414434287163,1.7050640368986567,2.888203889268892,0.3237028583745174,1.909357499561792,2.757198451850209,1.260053167049276,3.0170817725721273,13.085860587402733
3.8693266508674466,1.5560019602016701,0.03521823548676865,2.364623971435089,2.3192170069684552,1.869163784348339,0.1432112691625662,3.313775836370323,0.4323187759680962,2.06287737578358,15.160268912966396
